Day;BikeHires;WorkingDay;Holiday;Temp. Min;Temp. Max;Temp. Mean;Humid. Min;Humid. Max;Humid. Mean;Rain
01/01/2011;4555;0;1;3.2;6.6;5.2;84;95;89;0.1
02/01/2011;6250;0;1;1.5;3.2;2.3;77;88;84;0
03/01/2011;7262;0;1;-0.9;3.3;2;65;87;76;0
04/01/2011;13430;1;0;2.6;5;3.6;75;87;82;0
05/01/2011;13757;1;0;4.1;7.1;5.8;65;95;83;0.8
06/01/2011;9595;1;0;1.3;6.8;4;94;98;95;10.1
07/01/2011;9294;1;0;0.6;10.1;5.8;93;98;97;9
08/01/2011;9338;0;1;2.7;10;7.2;68;96;83;3.5
09/01/2011;10558;0;1;1.5;5.8;3.2;66;90;80;0
10/01/2011;16058;1;0;-0.7;8.2;4.9;73;96;86;0.5
11/01/2011;16412;1;0;4.1;7.3;5.5;73;97;84;6.8
12/01/2011;13894;1;0;4.1;12.1;9.1;79;98;93;6.3
13/01/2011;15911;1;0;11.4;13.3;12.1;90;98;95;3
14/01/2011;14834;1;0;7.8;11.7;10.5;85;95;92;5.5
15/01/2011;11851;0;1;7.8;11.2;10.3;74;94;82;0
16/01/2011;10471;0;1;9.8;12.3;11.1;74;95;84;1.4
17/01/2011;10835;1;0;5.6;9.8;7.6;85;97;93;16.1
18/01/2011;17703;1;0;2.8;6.4;4.5;76;97;90;7.6
19/01/2011;18350;1;0;1.2;6.1;3.3;84;97;91;0
20/01/2011;17957;1;0;2.6;5;3.8;86;95;90;0.1
21/01/2011;16509;1;0;0;3.9;1.7;74;95;86;0.3
22/01/2011;10658;0;1;0.7;6.1;3.8;83;97;91;0.3
23/01/2011;9911;0;1;5.3;7.2;6.3;83;96;91;0
24/01/2011;17193;1;0;3.3;6.8;5.6;72;94;86;0.3
25/01/2011;17045;1;0;3.4;8.2;6.5;83;95;91;0.8
26/01/2011;16396;1;0;1.7;7;5.2;77;97;92;0.5
27/01/2011;16519;1;0;1.1;2.6;1.6;57;78;68;0
28/01/2011;15538;1;0;-0.5;1.2;0.5;58;76;64;0
29/01/2011;9379;0;1;-0.1;1.3;0.7;73;77;74;0
30/01/2011;9455;0;1;-0.4;4.1;1.8;64;81;75;0
31/01/2011;16260;1;0;-0.7;3.7;2;67;80;74;0
01/02/2011;16331;1;0;-1.7;6.9;3.5;80;95;86;0.1
02/02/2011;18102;1;0;3;10;6.6;82;98;93;0.1
03/02/2011;15593;1;0;4.2;9.6;7.5;62;91;79;0
04/02/2011;14938;1;0;9.5;12.3;11;71;85;77;0
05/02/2011;8442;0;1;11.3;13;12;72;83;76;0.1
06/02/2011;9437;0;1;9.7;11.6;10.8;70;84;77;0
07/02/2011;16537;1;0;5.7;11.4;9;62;84;74;0.1
08/02/2011;19829;1;0;1.5;9.1;5.5;52;95;77;0
09/02/2011;18197;1;0;5.4;10.5;8.1;72;89;81;0
10/02/2011;11496;1;0;8.3;10.6;9.6;86;97;93;12.3
11/02/2011;16070;1;0;8.4;12;10.1;89;97;93;1.1
12/02/2011;12855;0;1;5.6;10.5;8.9;68;96;85;1.9
13/02/2011;7034;0;1;5.6;8.6;7.4;82;95;87;3
14/02/2011;17836;1;0;4.7;9.3;6.8;58;94;80;0
15/02/2011;15667;1;0;4.9;6.8;6.1;77;92;86;2.2
16/02/2011;18989;1;0;4;10.4;6.9;61;96;82;0
17/02/2011;18938;1;0;4;8.5;6;80;97;89;0
18/02/2011;17460;1;0;2.3;6.8;4.5;77;92;85;0
19/02/2011;6250;0;1;2.7;6;4.6;86;98;96;11.2
20/02/2011;7882;0;1;3.6;5.1;4.3;93;98;95;0
21/02/2011;13720;1;0;3.6;6.4;5;84;93;89;0.1
22/02/2011;15948;1;0;4.3;7.3;5.9;86;94;90;0.5
23/02/2011;12936;1;0;6.4;10.4;8.2;81;97;93;3.5
24/02/2011;19230;1;0;8.3;13.7;10.6;69;96;85;0
25/02/2011;18634;1;0;8.1;14.2;11.1;72;95;84;0
26/02/2011;7749;0;1;5;10.9;8.5;67;95;84;5.2
27/02/2011;8349;0;1;3.8;9.1;5.2;59;92;81;2.5
28/02/2011;13843;1;0;3;4.7;3.5;84;90;87;0.3
01/03/2011;15774;1;0;2.5;4.4;3.4;75;88;82;0
02/03/2011;16929;1;0;0.1;6.6;3.4;69;87;80;0
03/03/2011;16576;1;0;-0.1;4;1.8;73;91;83;0
04/03/2011;16971;1;0;0.6;6.5;2.9;64;82;76;0
05/03/2011;9847;0;1;0.7;7.3;3.8;69;90;81;0.1
06/03/2011;7142;0;1;2.8;6;4.1;59;79;68;0
07/03/2011;16192;1;0;0.7;8.6;4.3;41;85;63;0
08/03/2011;17240;1;0;-2.6;11.4;4.9;47;89;68;0
09/03/2011;18494;1;0;4.4;10.5;7.7;48;81;66;0
10/03/2011;18794;1;0;5.7;12.7;9.3;52;78;68;0
11/03/2011;19074;1;0;4.6;11.6;8.3;52;84;69;0
12/03/2011;15488;0;1;7.9;13.9;10.3;51;84;66;0.1
13/03/2011;10526;0;1;1.9;10.6;8.6;73;89;83;0.8
14/03/2011;19451;1;0;0.8;11.6;6.4;49;92;77;0
15/03/2011;19568;1;0;6.2;11.7;8.6;77;98;91;0
16/03/2011;19643;1;0;4.1;9.3;7.7;82;98;92;0
17/03/2011;20036;1;0;3.1;9.1;5.4;73;98;89;0
18/03/2011;14612;1;0;1.3;7.4;5.4;64;88;82;4.4
19/03/2011;17801;0;1;-1.6;11.1;5.3;39;94;65;0
20/03/2011;14694;0;1;1.6;12.9;7.9;53;79;68;0
21/03/2011;20710;1;0;4.5;14.6;9.6;57;87;72;0
22/03/2011;21792;1;0;6.5;15.9;11.2;47;85;67;0
23/03/2011;23837;1;0;4.3;16.1;10.6;49;91;71;0
24/03/2011;23518;1;0;4.8;15.8;9.8;36;95;70;0
25/03/2011;24343;1;0;3.6;17.2;10.6;45;87;68;0
26/03/2011;16095;0;1;5.1;13.4;8.6;67;92;79;0
27/03/2011;17550;0;1;6.2;14;9.4;54;87;73;0
28/03/2011;21602;1;0;5.2;13.6;9.3;51;78;64;0
29/03/2011;22080;1;0;2.7;15.2;9;57;80;69;0.5
30/03/2011;18945;1;0;9.7;11.7;10.5;74;91;82;2.2
31/03/2011;20831;1;0;9.4;17.7;13.1;56;97;81;3
01/04/2011;22048;1;0;11.8;15.7;13.5;68;90;80;0
02/04/2011;19829;0;1;11.1;18.4;15.1;48;85;68;0
03/04/2011;17294;0;1;6.9;15.4;11.5;51;78;64;0
04/04/2011;20949;1;0;6.1;13.6;10.1;46;86;67;0
05/04/2011;16690;1;0;9.1;12.6;10.9;74;91;84;1.4
06/04/2011;25597;1;0;11.9;22.4;16.8;31;91;60;0
07/04/2011;25451;1;0;9.8;20.9;15.2;48;76;60;0
08/04/2011;26622;1;0;7;20.9;14.5;36;80;57;0
09/04/2011;22323;0;1;7.7;17.9;12.7;42;71;55;0
10/04/2011;21346;0;1;6.1;19;12.3;33;81;59;0
11/04/2011;22204;1;0;6.1;20;12.5;47;77;61;0.3
12/04/2011;23651;1;0;5.3;14;9.8;36;76;54;0
13/04/2011;18909;1;0;4.1;13;8.7;45;72;57;0
14/04/2011;22346;1;0;8;14.1;11;54;73;65;0
15/04/2011;22974;1;0;9.9;16.8;13.1;45;71;58;0
16/04/2011;19632;0;1;9.8;17.9;13.6;46;72;60;0
17/04/2011;22009;0;1;7.3;19;13.3;43;86;64;0
18/04/2011;24032;1;0;6.7;18.1;12.6;33;86;59;0
19/04/2011;27914;1;0;9.3;24.4;16.6;26;73;52;0
20/04/2011;27934;1;0;9.1;24.4;16.8;33;79;54;0
21/04/2011;26547;1;0;11.6;24.4;17.5;31;66;48;0
22/04/2011;23719;0;1;9.6;25.6;18;31;75;50;0
23/04/2011;19182;0;1;10.1;26.5;18.6;30;79;52;0.1
24/04/2011;21313;0;1;12.4;22.7;16.7;48;83;65;0
25/04/2011;21669;0;1;9.7;20.3;14.5;33;84;58;0
26/04/2011;22038;1;0;8.5;15.6;11.4;63;82;73;0
27/04/2011;24349;1;0;7;16.3;11.5;36;78;59;0
28/04/2011;23794;1;0;6;15.1;10.4;59;87;74;0
29/04/2011;19700;0;1;9.1;19.5;13.7;51;88;73;0
30/04/2011;21574;0;1;10.9;19.7;15.1;43;82;61;0
01/05/2011;19489;0;1;10.5;17.7;13.9;38;66;52;0
02/05/2011;18126;0;1;6.8;15.6;11.6;36;70;52;0
03/05/2011;23786;1;0;5.2;14.1;9.7;29;78;53;0
04/05/2011;26183;1;0;3.2;16;10.4;38;75;55;0
05/05/2011;23620;1;0;8.6;19.6;13.2;39;74;59;0
06/05/2011;28971;1;0;9.1;24.5;17.3;32;70;48;0
07/05/2011;22274;0;1;14.4;23.2;18.4;46;84;63;1.1
08/05/2011;21011;0;1;14.6;19.6;17.1;42;88;65;3
09/05/2011;27172;1;0;11.6;20.2;16.3;39;78;56;0
10/05/2011;29417;1;0;8.7;21.4;16.2;33;85;55;0
11/05/2011;27205;1;0;10.2;17.2;14.3;46;85;64;0
12/05/2011;23461;1;0;8.8;17.8;13.8;39;79;57;0
13/05/2011;23991;1;0;8.3;18.7;14.3;40;77;55;0
14/05/2011;21100;0;1;7.5;16.6;12.5;37;75;55;0
15/05/2011;19097;0;1;8.3;15.2;12.4;43;76;60;0
16/05/2011;24620;1;0;11.6;19.8;15;45;81;64;0
17/05/2011;25464;1;0;11.5;18.1;14.6;53;86;69;0
18/05/2011;23068;1;0;11.4;19;14.8;65;91;81;3
19/05/2011;27534;1;0;6.5;19.6;14;38;91;63;0
20/05/2011;27523;1;0;10.9;18.3;15.1;41;67;53;0
21/05/2011;24408;0;1;7.8;21;16.1;39;83;55;0
22/05/2011;19348;0;1;11.4;18.3;14.9;35;84;55;1.1
23/05/2011;24268;1;0;10.3;18.9;13.9;44;74;62;0.1
24/05/2011;27768;1;0;8.2;19;13.8;34;76;51;0
25/05/2011;28708;1;0;6.1;20.6;15.3;27;72;46;0
26/05/2011;18055;1;0;10.9;15.1;13.2;46;87;68;14.5
27/05/2011;22907;1;0;10.1;15.7;12.8;46;80;63;0
28/05/2011;15693;0;1;9.2;15.6;12.9;57;77;69;0.1
29/05/2011;18396;0;1;13.3;19.1;16.1;60;80;71;0
30/05/2011;16097;0;1;11.2;20.5;14.8;57;89;80;1.1
31/05/2011;23312;1;0;7.8;17.7;12.7;35;87;63;0.1
01/06/2011;26054;1;0;8;21;14.8;36;75;58;0
02/06/2011;26920;1;0;10.1;22.7;17.5;48;89;65;0
03/06/2011;26641;1;0;12.5;24.1;18.7;39;84;60;0
04/06/2011;15233;0;1;12.3;25.4;18.3;41;85;64;0
05/06/2011;8420;0;1;11;18.6;14.4;58;91;75;7.1
06/06/2011;13812;1;0;9.4;15.4;12;66;95;83;6
07/06/2011;22378;1;0;10.7;19.1;15;42;84;61;0
08/06/2011;23013;1;0;9.7;18.3;13.8;46;79;66;1.4
09/06/2011;25061;1;0;9.7;17.1;13.7;47;77;62;0.8
10/06/2011;20141;1;0;9.1;15.1;11.6;52;86;71;14.2
11/06/2011;21059;0;1;8.3;18.8;12.9;34;93;63;3.3
12/06/2011;6061;0;1;8.5;14.4;11.9;67;94;80;7.1
13/06/2011;23978;1;0;13.8;21.3;17.1;49;95;75;0.8
14/06/2011;28889;1;0;10.6;23.4;17.5;36;80;58;0
15/06/2011;25643;1;0;14.9;20;17.2;62;83;72;0
16/06/2011;17566;1;0;10.6;17.3;14.2;52;90;78;14.7
17/06/2011;15723;1;0;9.9;14.8;12.5;72;95;86;7.6
18/06/2011;13721;0;1;11.2;17.5;14.1;54;95;76;1.1
19/06/2011;17092;0;1;11.1;18.4;15.2;44;85;64;0.3
20/06/2011;20101;1;0;9.3;20.3;15.2;54;90;73;2.7
21/06/2011;26780;1;0;14;21.2;17.2;45;91;69;0
22/06/2011;22745;1;0;12.3;18.1;15.2;64;89;73;5.2
23/06/2011;24559;1;0;11.2;19.2;15.3;46;86;64;0.1
24/06/2011;22137;1;0;10.5;19.9;15.3;37;83;62;3.3
25/06/2011;17944;0;1;11.7;23.4;17.2;58;95;80;3.3
26/06/2011;23483;0;1;15.9;29.4;22.2;42;88;66;0
27/06/2011;26243;1;0;18.2;31.9;25.4;31;85;57;0
28/06/2011;21950;1;0;14.5;20.6;18.1;68;92;82;8.5
29/06/2011;28073;1;0;10.4;20.8;16.3;36;77;54;0
30/06/2011;27297;1;0;9.3;20.5;15.9;38;78;56;0.1
01/07/2011;27758;1;0;10.3;20.4;16.2;37;72;52;0
02/07/2011;22764;0;1;12.8;21.2;17.8;40;76;55;0
03/07/2011;21423;0;1;13;23.7;18.8;39;66;51;0
04/07/2011;27332;1;0;14.3;24.9;20.1;34;66;47;0
05/07/2011;24802;1;0;13.1;26.4;19;34;87;58;4.6
06/07/2011;26207;1;0;13.6;20;16.7;44;89;66;0.8
07/07/2011;20483;1;0;14.1;18.6;15.9;60;85;74;3.5
08/07/2011;19485;1;0;13.6;18.1;15.5;61;90;77;3.3
09/07/2011;21360;0;1;13.7;21.6;17.3;50;85;68;0
10/07/2011;20203;0;1;13;21.9;17.5;49;88;69;1.9
11/07/2011;26355;1;0;12.2;23.7;18.7;40;92;64;0
12/07/2011;26633;1;0;14.3;18.8;16.7;60;81;69;0
13/07/2011;25417;1;0;12.2;17.2;14.6;48;79;65;0
14/07/2011;26479;1;0;11.7;22.7;16.8;34;72;56;0
15/07/2011;27114;1;0;11.8;24;18.7;34;78;54;0
16/07/2011;10224;0;1;13.2;19;16;70;93;82;13.7
17/07/2011;10965;0;1;12.8;18.9;15.6;64;85;77;3.3
18/07/2011;18541;1;0;13.2;18.4;15.1;65;91;79;7.1
19/07/2011;21218;1;0;11.9;19.9;15.3;62;94;84;3
20/07/2011;21580;1;0;12.6;19.1;15.3;54;91;78;5.7
21/07/2011;20951;1;0;13.1;19.3;14.9;67;94;88;4.1
22/07/2011;25172;1;0;10.5;20.2;15.7;43;92;69;1.1
23/07/2011;20264;0;1;10.9;18;14.9;44;89;64;1.1
24/07/2011;22464;0;1;10.6;23.2;16.9;33;81;54;0
25/07/2011;25185;1;0;10.4;23;17.1;40;70;54;0
26/07/2011;25636;1;0;12;19.9;16.3;56;90;71;0
27/07/2011;24989;1;0;14.4;20.1;16.8;58;83;72;0
28/07/2011;26759;1;0;14.4;23.6;18.9;46;85;67;0
29/07/2011;25373;1;0;13.4;20.5;16.7;61;89;72;0
30/07/2011;23930;0;1;9.1;21.8;16.5;40;83;58;0
31/07/2011;21388;0;1;12;24.7;19.2;41;85;59;0
01/08/2011;22940;1;0;13.8;28.2;21.4;33;69;51;0
02/08/2011;24290;1;0;18;27.8;22.6;40;79;55;0.3
03/08/2011;26120;1;0;15.7;29.6;22.3;34;77;54;0
04/08/2011;15149;1;0;16.6;20.2;18.2;58;93;82;11.6
05/08/2011;26792;1;0;14.7;24.7;19.3;42;90;68;0
06/08/2011;20485;0;1;14.8;19.9;17.4;52;79;67;0.1
07/08/2011;14912;0;1;13;20.4;15.6;47;83;72;4.4
08/08/2011;23489;1;0;11.7;20.7;16.4;40;90;67;0.8
09/08/2011;23011;1;0;11.6;21.1;16.1;37;71;55;0
10/08/2011;24182;1;0;9.2;23;16.8;44;79;60;0
11/08/2011;20573;1;0;15.1;21.7;17.6;67;89;78;4.6
12/08/2011;22971;1;0;16;22.3;18.9;58;90;76;0
13/08/2011;20731;0;1;16.1;21.2;18.3;57;93;76;1.9
14/08/2011;21115;0;1;15.1;22.4;18.3;43;83;63;0
15/08/2011;23657;1;0;12.1;21.6;17.4;41;76;58;0.1
16/08/2011;24899;1;0;14.7;20.2;17.3;68;83;75;0
17/08/2011;23010;1;0;12.3;20.2;15.9;47;89;70;0.8
18/08/2011;16139;1;0;11.6;17.1;13.7;62;93;82;14.6
19/08/2011;25444;1;0;9.1;21.3;15.6;47;97;73;0
20/08/2011;17334;0;1;13.2;21.7;17;59;88;75;4.6
21/08/2011;21836;0;1;13;23.3;18.4;45;91;69;0
22/08/2011;25222;1;0;11;21.9;17.4;44;85;64;0
23/08/2011;10953;1;0;13.7;16.4;15;73;95;88;9.8
24/08/2011;22883;1;0;14.2;20.7;16.4;51;95;79;0.5
25/08/2011;20026;1;0;13.8;19.9;16.2;49;90;74;9.3
26/08/2011;12368;1;0;11;17;14.2;79;94;90;8.7
27/08/2011;14045;0;1;11.2;17.9;14.2;57;96;80;0.8
28/08/2011;15908;0;1;12.4;19.4;15.2;50;87;71;0.1
29/08/2011;17443;0;1;10.6;16.6;14.1;47;86;65;0
30/08/2011;21477;1;0;12.5;16.2;14.3;57;76;68;0
31/08/2011;23036;1;0;12.5;18;15;54;84;71;0
01/09/2011;25110;1;0;10.2;19.9;15.2;49;93;71;0
02/09/2011;25981;1;0;13.1;25.8;19.1;46;91;71;0
03/09/2011;24578;0;1;15.3;23.1;18.8;58;89;72;0
04/09/2011;14967;0;1;14.4;19.2;16.7;72;90;82;3.8
05/09/2011;21776;1;0;11.6;19.1;15.3;48;84;70;0.3
06/09/2011;13863;1;0;13;17.9;15.5;77;94;85;21.7
07/09/2011;22746;1;0;11.8;17;14.2;63;85;76;0.5
08/09/2011;23679;1;0;12.6;19.4;15.8;70;89;80;0.3
09/09/2011;23957;1;0;15.7;21.7;18.5;73;96;85;3.8
10/09/2011;20069;0;1;16.2;22.7;19.2;67;92;82;0.3
11/09/2011;17719;0;1;15.1;20.2;16.9;51;91;75;3.6
12/09/2011;21572;1;0;14.6;20.6;17.9;48;92;71;0.3
13/09/2011;23962;1;0;12.4;18.5;15;46;78;65;0.3
14/09/2011;25824;1;0;10.2;18.7;14.2;43;84;64;0
15/09/2011;25803;1;0;7.2;20;14.2;46;93;69;0
16/09/2011;25567;1;0;12.5;21.8;16.8;48;90;70;0
17/09/2011;15147;0;1;10.1;18.4;14.6;48;86;74;1.4
18/09/2011;17327;0;1;8;16.3;11.8;62;94;82;0.1
19/09/2011;23708;1;0;9.6;18.5;14.2;55;90;76;0
20/09/2011;23676;1;0;14.8;18.6;16.6;74;90;79;1.6
21/09/2011;22730;1;0;13.4;17.3;14.9;52;95;79;0.8
22/09/2011;24601;1;0;12.5;18.6;15.3;47;86;69;0
23/09/2011;25114;1;0;9.9;18.3;14.1;55;90;73;0
24/09/2011;22113;0;1;8;20.1;14.5;54;95;76;0
25/09/2011;21211;0;1;11.4;20.9;16.7;56;91;77;0
26/09/2011;20527;1;0;15;21.1;17.7;66;91;82;3
27/09/2011;24841;1;0;12.8;20.4;15.7;70;97;88;0.3
28/09/2011;28434;1;0;12.6;24.9;18.6;51;98;77;0
29/09/2011;29039;1;0;14;26.9;19.6;42;96;72;0
30/09/2011;29139;1;0;13.5;27.4;19.4;40;95;69;0
01/10/2011;27129;0;1;12.3;27.1;19.3;40;94;68;0
02/10/2011;26906;0;1;11.8;26.6;19.4;36;93;63;0
03/10/2011;27559;1;0;16.2;25.3;19.9;35;78;59;0
04/10/2011;26131;1;0;15.8;18.7;17.2;65;81;75;0
05/10/2011;26263;1;0;15.8;19.1;17.3;65;89;78;0.1
06/10/2011;25083;1;0;10.7;17.3;13.4;43;92;65;3.6
07/10/2011;24529;1;0;9.1;15.1;11.7;53;78;69;0.1
08/10/2011;18154;0;1;9.6;14.9;12.1;69;83;75;0.1
09/10/2011;17643;0;1;14.4;19.7;16.8;72;94;84;1.9
10/10/2011;24198;1;0;15.8;19.5;17.2;62;84;75;0
11/10/2011;26184;1;0;15.3;18.4;16.8;71;83;76;0
12/10/2011;26323;1;0;14.7;18.8;16.3;69;87;79;0
13/10/2011;25149;1;0;11.1;15.9;14.3;74;91;84;0
14/10/2011;26542;1;0;7.5;15.1;11.7;47;86;67;0
15/10/2011;23663;0;1;5.6;16;10.2;49;92;72;0
16/10/2011;18530;0;1;3.3;15.9;9.9;73;96;83;0
17/10/2011;23892;1;0;8;16.3;12.8;64;94;78;0
18/10/2011;23791;1;0;8;14.5;10.5;42;87;66;3.3
19/10/2011;23259;1;0;4.8;11.7;7.8;45;85;70;0
20/10/2011;23157;1;0;3.3;11.4;6.9;50;84;70;0
21/10/2011;23253;1;0;5.6;14.7;10.4;53;79;69;0
22/10/2011;20482;0;1;7.9;13.7;11;47;77;64;0
23/10/2011;18560;0;1;9.4;18.7;14;48;93;72;0
24/10/2011;22842;1;0;11.2;16.5;13.7;57;87;72;0.8
25/10/2011;22771;1;0;10.5;16.3;13.5;56;90;78;1.7
26/10/2011;17621;1;0;8.8;11.8;10.1;72;90;83;3.1
27/10/2011;19360;1;0;11.1;13.7;12.3;81;92;87;0.8
28/10/2011;23158;1;0;8.9;14.6;12.4;66;94;84;0
29/10/2011;18228;0;1;12.4;15.7;13.7;63;93;81;0
30/10/2011;15443;0;1;13.8;16.6;15.2;81;92;88;0
31/10/2011;22999;1;0;13.2;16.3;14.9;71;92;84;0
01/11/2011;22747;1;0;9.5;14.6;12.9;68;91;82;1.1
02/11/2011;23724;1;0;8.7;15.2;12.6;69;93;85;0.3
03/11/2011;18676;1;0;12.8;17.4;15.3;78;95;87;6.6
04/11/2011;18774;1;0;11.4;15.5;13.6;80;96;90;13.4
05/11/2011;16434;0;1;9.9;13.4;11.7;90;98;94;0
06/11/2011;14317;0;1;8.5;11.5;10.1;74;96;82;0
07/11/2011;20365;1;0;9.6;12.5;10.9;83;96;91;0
08/11/2011;19231;1;0;9.1;10.8;10.1;91;97;95;1.1
09/11/2011;22542;1;0;9.9;14.6;11.9;74;97;89;1.1
10/11/2011;23475;1;0;9;13.4;11.2;89;98;94;0
11/11/2011;21140;1;0;8.7;12.2;9.9;93;98;97;0
12/11/2011;18933;0;1;11.1;15.5;13.4;88;97;94;0
13/11/2011;17744;0;1;9.9;14.7;11.8;79;98;92;0
14/11/2011;19913;1;0;8.3;10;9.1;92;98;96;0
15/11/2011;22245;1;0;5.8;11.1;8.6;73;95;87;0
16/11/2011;21639;1;0;4.8;8.3;6.6;86;96;93;0
17/11/2011;22802;1;0;8.3;14.1;11;72;98;88;0
18/11/2011;22461;1;0;8.9;14.6;11.4;72;95;85;0
19/11/2011;18706;0;1;6.5;12.8;9.3;82;96;91;0
20/11/2011;14829;0;1;4.4;8.8;6.6;96;98;98;0
21/11/2011;20824;1;0;6;10.1;8.6;96;98;98;0
22/11/2011;20341;1;0;6.3;12.5;10.4;91;98;97;0.5
23/11/2011;21855;1;0;3;10;6.8;92;98;96;0
24/11/2011;21870;1;0;8.7;12.7;10.3;79;98;91;0
25/11/2011;21598;1;0;7.2;13;10.7;58;92;78;0
26/11/2011;15803;0;1;6.5;12.7;9.9;68;92;80;0
27/11/2011;14362;0;1;3.6;13.3;10.5;47;85;68;0.3
28/11/2011;20167;1;0;0.4;12.7;6.2;69;92;82;0
29/11/2011;18718;1;0;6.3;13.3;11.5;67;91;80;0.8
30/11/2011;20956;1;0;5.9;11.6;8.8;68;83;76;0
01/12/2011;16481;1;0;5.9;11.6;9.5;66;93;81;6.1
02/12/2011;19146;1;0;2.7;8.1;5.3;77;95;88;0.3
03/12/2011;13776;0;1;7.7;11.3;9.9;56;94;78;0.5
04/12/2011;10276;0;1;3.9;9.3;7.5;73;85;79;0.3
05/12/2011;18176;1;0;2.3;6.9;4.2;57;84;75;0
06/12/2011;18943;1;0;2.6;6.6;4.6;71;87;80;0
07/12/2011;19279;1;0;4.5;8.7;7.1;45;89;66;0.3
08/12/2011;17313;1;0;3.8;12.7;8.8;67;87;79;0.8
09/12/2011;18421;1;0;1.9;7.6;5;58;77;68;0
10/12/2011;11864;0;1;0.3;5.1;2.6;69;84;78;0
11/12/2011;8368;0;1;3;8.6;6.6;75;93;84;5.6
12/12/2011;16554;1;0;2.7;9.9;6.3;72;94;87;4.9
13/12/2011;17111;1;0;4.4;11.6;7.6;57;96;75;9.1
14/12/2011;17543;1;0;4;5.9;4.9;67;80;75;0.3
15/12/2011;17081;1;0;4;7.9;5.8;65;84;75;2.2
16/12/2011;11778;1;0;1;4.1;2.8;77;97;89;6.3
17/12/2011;8925;0;1;0.6;5.1;2.6;77;95;87;0.5
18/12/2011;7485;0;1;-0.9;4.8;1.5;76;92;84;0
19/12/2011;11270;1;0;-1.3;6.3;3.1;84;97;94;3.6
20/12/2011;15685;1;0;5.3;7.7;6.4;68;97;83;0.9
21/12/2011;14158;1;0;6.1;11.8;9.4;87;98;94;1.7
22/12/2011;15099;1;0;8;11.9;10;80;96;89;0
23/12/2011;9131;1;0;4.6;11.2;9.2;77;92;85;4.1
24/12/2011;4890;0;1;3;8.2;5.6;74;86;80;0.3
25/12/2011;17998;0;1;8.2;11.9;10.5;77;87;83;0
26/12/2011;10953;0;1;9.9;12.9;11.6;72;90;83;0
27/12/2011;8076;0;1;8.2;10.4;9.8;68;81;71;0
28/12/2011;9888;1;0;5.6;10.8;8.7;60;87;74;0
29/12/2011;8368;1;0;5;9.7;7;69;83;73;3.3
30/12/2011;6900;1;0;5.1;10.6;6.7;91;96;80;4.8
31/12/2011;7793;0;1;10.6;12.5;11.7;86;96;91;0.3
01/01/2012;5171;0;1;7.9;12.5;11.1;80;94;90;7.79
02/01/2012;9091;0;1;4.4;7.9;5.8;67;90;81;0
03/01/2012;10094;1;0;5.5;12;8.4;67;96;82;10.59
04/01/2012;13936;1;0;4.8;9.6;6.9;62;90;75;3.43
05/01/2012;14191;1;0;6.6;11.3;8.9;56;85;70;4.57
06/01/2012;17713;1;0;3.8;9.3;6.6;66;86;76;0
07/01/2012;12556;0;1;7.3;10.2;9.2;62;87;68;0
08/01/2012;10487;0;1;8;9.5;8.7;62;88;70;0.1
09/01/2012;19472;1;0;8;12.3;10.1;70;92;83;0
10/01/2012;20548;1;0;9;11.2;10.1;78;92;85;0
11/01/2012;20958;1;0;7.2;11.1;9.1;79;85;83;0
12/01/2012;20879;1;0;4.3;12.5;8.4;62;89;79;0
13/01/2012;19691;1;0;0.1;5.7;2.8;66;95;84;0
14/01/2012;13843;0;1;-2.9;5;0.7;69;97;86;0
15/01/2012;12149;0;1;-0.1;6.1;2.4;57;92;79;0
16/01/2012;19136;1;0;0.2;5.9;2.1;51;90;76;0
17/01/2012;20170;1;0;-2.6;5.9;2.1;73;91;82;0
18/01/2012;17972;1;0;5.3;11.9;9.3;87;97;94;0.6
19/01/2012;15441;1;0;6.3;11.6;9.3;62;98;84;7.4
20/01/2012;18703;1;0;4.4;9.8;7.6;68;83;76;0.3
21/01/2012;13339;0;1;7.1;12.3;10;51;88;71;0
22/01/2012;12845;0;1;5.8;11.6;8.2;47;79;63;0
23/01/2012;20193;1;0;3.2;8.3;6.2;64;83;72;0
24/01/2012;13269;1;0;2.2;10;6;83;97;93;6.1
25/01/2012;20836;1;0;8.6;9.9;9.3;81;97;89;0
26/01/2012;19515;1;0;3;9.6;7.1;59;91;79;1.7
27/01/2012;20775;1;0;2.7;8.1;4.6;54;88;77;0.1
28/01/2012;13272;0;1;2.3;5.8;3.9;73;96;87;0
29/01/2012;10949;0;1;1.1;4.3;2.6;78;98;91;0
30/01/2012;18955;1;0;-0.5;3.3;1.7;61;91;80;0
31/01/2012;18176;1;0;-1.5;1.7;0.6;74;95;85;0.1
01/02/2012;18208;1;0;-1.7;2.7;0.2;43;79;64;0
02/02/2012;16916;1;0;-2.9;0.8;-1.4;41;65;54;0
03/02/2012;16185;1;0;-4.6;0.9;-1.9;53;76;65;0
04/02/2012;8348;0;1;-5.1;1.4;-1.5;68;92;76;8
05/02/2012;3531;0;1;0.3;2.2;1;89;97;94;4
06/02/2012;15202;1;0;1.3;4.6;2.3;85;98;93;0
07/02/2012;17722;1;0;-3.9;2.1;0;55;95;75;0
08/02/2012;16442;1;0;-3.2;0.3;-0.7;68;82;75;0
09/02/2012;16363;1;0;-1.5;2.1;0.2;68;88;78;2
10/02/2012;15117;1;0;-5.1;1.6;-0.7;60;90;79;1
11/02/2012;9912;0;1;-8.1;0.8;-3.7;63;90;77;0
12/02/2012;8020;0;1;-5.7;4.4;0.3;80;95;88;0.1
13/02/2012;13172;1;0;0.8;6.3;3.8;76;98;92;1.1
14/02/2012;17946;1;0;3.6;8.1;5.8;63;84;76;0
15/02/2012;19396;1;0;6.3;10.6;8.3;56;86;72;0
16/02/2012;19505;1;0;5.8;10.6;8.1;54;83;70;0
17/02/2012;19444;1;0;7;12.3;9.6;72;89;80;0
18/02/2012;9463;0;1;2.7;11.1;7.6;57;88;75;3.5
19/02/2012;12655;0;1;-1.4;5.7;2.6;40;76;61;0
20/02/2012;18802;1;0;-2;8.3;3.8;44;78;63;0
21/02/2012;20861;1;0;5.5;11.7;8.6;55;80;71;0
22/02/2012;18112;1;0;8;10.8;8.8;65;95;81;0.8
23/02/2012;23391;1;0;9.9;16;12.9;71;95;84;0
24/02/2012;22067;1;0;9.7;14;11.4;69;90;82;0
25/02/2012;19349;0;1;3.3;11.1;8.3;50;79;65;0
26/02/2012;17646;0;1;2.8;11.8;7.5;55;83;71;0
27/02/2012;20936;1;0;6.4;11.1;9.1;74;88;81;0
28/02/2012;23423;1;0;10;14.2;11.4;73;90;84;0
29/02/2012;23692;1;0;9.5;12.6;10.9;78;91;84;0
01/03/2012;25116;1;0;5.2;14.4;9.9;62;92;78;0
02/03/2012;21928;1;0;5.1;9.2;7;80;97;90;0
03/03/2012;17697;0;1;7;13.9;9.7;41;96;79;0.1
04/03/2012;5062;0;1;3;9.3;6.3;70;94;88;11.2
05/03/2012;19342;1;0;3.4;9.1;5.9;41;79;62;0
06/03/2012;21102;1;0;2.8;7.4;4.9;69;88;76;0
07/03/2012;17096;1;0;4.1;10.3;7.2;60;96;77;5.5
08/03/2012;24123;1;0;2.9;11.3;7.3;46;78;63;0
09/03/2012;23609;1;0;6.5;11.1;9.4;66;81;73;0
10/03/2012;24721;0;1;8.7;15.1;11.5;66;93;79;0
11/03/2012;27758;0;1;6.1;14.9;10.2;64;96;80;0
12/03/2012;28856;1;0;4.5;12.8;8.3;71;96;85;0
13/03/2012;27528;1;0;5.4;9.4;6.9;77;96;88;0
14/03/2012;28296;1;0;4.4;12;7.4;59;87;77;0
15/03/2012;29969;1;0;1.7;15.9;8.8;54;98;78;0
16/03/2012;26452;1;0;8.3;9.8;9.1;65;76;71;0
17/03/2012;13391;0;1;7.2;10.8;9.1;76;89;84;4.8
18/03/2012;19184;0;1;1.9;9.6;6.3;65;95;81;0
19/03/2012;28391;1;0;1.5;13.1;7.8;38;91;64;0
20/03/2012;30817;1;0;4.3;14.4;9.4;49;83;65;0
21/03/2012;31175;1;0;6.5;15.6;10.7;47;77;64;0
22/03/2012;31135;1;0;4.8;16.1;10.5;38;88;66;0
23/03/2012;33635;1;0;5.6;19.5;12.5;38;94;70;0
24/03/2012;35091;0;1;5.5;18.8;11.9;37;91;68;0
25/03/2012;28607;0;1;3.7;13.7;8.1;54;90;74;0
26/03/2012;32368;1;0;3.2;17.8;10.2;33;93;66;0
27/03/2012;34563;1;0;4.7;18.2;11.3;34;71;50;0
28/03/2012;36539;1;0;3.3;20.8;12.5;27;61;43;0
29/03/2012;35954;1;0;7.4;18.7;12.9;37;70;53;0
30/03/2012;35666;1;0;7.2;17.4;11.7;48;80;65;0
31/03/2012;23038;0;1;4.6;10.9;8.2;49;88;69;0
01/04/2012;30513;0;1;0.8;12.6;6.8;36;84;59;0
02/04/2012;32142;1;0;2.3;14.9;9;39;83;58;0
03/04/2012;25956;1;0;3.5;13.7;8.6;50;88;71;6.3
04/04/2012;27912;1;0;4;10.4;7.6;47;89;71;0.6
05/04/2012;24383;1;0;3;8.8;6.7;53;90;73;0
06/04/2012;22354;0;1;-2.3;12.7;6.2;42;83;63;0
07/04/2012;16848;0;1;4.7;10.5;8.2;56;87;72;0
08/04/2012;15717;0;1;6.1;13.2;9.8;67;93;78;0.5
09/04/2012;6214;0;1;8.4;10.8;9.6;75;96;89;8
10/04/2012;24898;1;0;5.7;14.2;9.6;38;95;66;0.3
11/04/2012;29345;1;0;4.1;13.8;8.9;38;83;62;0
12/04/2012;25772;1;0;2.4;12.8;7.9;52;86;72;4.3
13/04/2012;27673;1;0;2.7;13;8;42;97;73;1.7
14/04/2012;26193;0;1;5;11.4;8;39;89;68;0
15/04/2012;10188;0;1;2.6;9.5;5.8;39;83;64;0.1
16/04/2012;28188;1;0;0.8;11.6;6.2;36;82;55;0
17/04/2012;20105;1;0;5.3;13.7;8.1;39;91;65;2.9
18/04/2012;16651;1;0;6;11.4;8.2;68;89;81;3.4
19/04/2012;18759;1;0;6.5;11.3;8;71;94;88;8.4
20/04/2012;22730;1;0;5.1;13;8.3;54;94;80;8
21/04/2012;22014;0;1;3.7;14.2;8.5;40;89;69;0.9
22/04/2012;19707;0;1;4.6;14.9;9.1;38;88;72;1.7
23/04/2012;19262;1;0;7;10.9;8.1;56;95;82;2.3
24/04/2012;27522;1;0;6.3;13;9;47;97;73;4
25/04/2012;12737;1;0;6.4;11.9;8.8;69;94;85;14.2
26/04/2012;21740;1;0;9.3;14.4;11.2;49;89;72;2
27/04/2012;24263;1;0;9.3;15;11.4;55;85;74;3.2
28/04/2012;7827;0;1;5.4;9.3;8.1;85;97;94;10.6
29/04/2012;9951;0;1;5.4;14.6;9;62;98;88;16.9
30/04/2012;31909;1;0;8.9;18;13.7;40;82;61;0.1
01/05/2012;24523;1;0;10.8;17;13.2;59;97;86;16.4
02/05/2012;28381;1;0;8.8;14;10.7;64;94;87;1.2
03/05/2012;23768;1;0;7.5;8.9;8.3;90;94;92;0
04/05/2012;25503;1;0;6.7;8.9;7.8;80;96;89;0.3
05/05/2012;16009;0;1;5.6;9.8;7.2;51;88;72;0.3
06/05/2012;17160;0;1;4.1;8.7;6.8;55;85;71;0
07/05/2012;15227;0;1;3.9;13.8;9.5;65;92;80;2
08/05/2012;28585;1;0;10.6;18.4;13.9;53;95;78;2
09/05/2012;21758;1;0;10.6;15.1;13.2;72;95;90;4.9
10/05/2012;26164;1;0;14.2;17.1;15.5;83;97;92;9.8
11/05/2012;31385;1;0;8.1;16.1;13.2;37;90;60;0
12/05/2012;30699;0;1;4.9;15;10.4;38;75;54;0
13/05/2012;28778;0;1;3.9;17.6;11.9;34;83;54;0
14/05/2012;23344;1;0;6.9;12.1;9.7;58;85;74;1.4
15/05/2012;18409;1;0;4.8;11.5;7.5;56;91;79;5.9
16/05/2012;31453;1;0;4.1;14.3;9.9;38;87;60;0
17/05/2012;31219;1;0;7.4;15.1;11.7;40;80;57;0
18/05/2012;30945;1;0;8.8;16.6;12.8;55;83;71;0.1
19/05/2012;28474;0;1;9.3;16.8;13.4;56;91;76;0
20/05/2012;22286;0;1;8.6;11.7;10.1;80;87;83;0
21/05/2012;30905;1;0;9;16.1;12.1;71;93;83;0
22/05/2012;36720;1;0;11.1;24.6;17.3;53;93;75;0
23/05/2012;40486;1;0;12.8;25.6;18.9;53;87;73;0
24/05/2012;42008;1;0;14.3;25.8;20.2;56;91;76;0
25/05/2012;41357;1;0;15.6;24.3;20.1;31;87;59;0
26/05/2012;39358;0;1;13.6;24.8;19.7;29;87;53;0
27/05/2012;38781;0;1;13.5;26.7;20.3;29;73;49;0
28/05/2012;40872;1;0;12.8;26.9;20.8;35;78;53;0
29/05/2012;37962;1;0;14;22.8;18.4;54;80;66;0
30/05/2012;38803;1;0;13.5;25.4;19.2;37;88;64;0.3
31/05/2012;35630;1;0;14;20.5;16.8;48;82;70;0
01/06/2012;34524;1;0;13.3;21;16.8;53;91;75;0.3
02/06/2012;25283;0;1;11.2;17.8;13.5;51;96;79;2.6
03/06/2012;12207;0;1;9.6;11.5;10.8;88;98;96;18.8
04/06/2012;22649;0;1;6.2;14.2;10.1;54;98;81;8.9
05/06/2012;15537;0;1;5.4;16.2;11.2;51;94;80;6.2
06/06/2012;30297;1;0;12.6;18;15.2;64;95;80;2
07/06/2012;23066;1;0;12.8;17.7;14.6;71;94;83;10.9
08/06/2012;22224;1;0;12.3;16.2;13.8;57;92;74;3.5
09/06/2012;29258;0;1;11;18.7;14.3;35;75;55;0
10/06/2012;20876;0;1;9.4;19.2;14.4;39;93;67;7.7
11/06/2012;10252;1;0;10.2;12.9;11.7;93;98;97;25.7
12/06/2012;23742;1;0;10;13.3;11.2;68;98;86;2
13/06/2012;34447;1;0;5.6;18;13.4;43;93;63;0
14/06/2012;31593;1;0;7.7;18.5;13.8;41;91;64;2.3
15/06/2012;30944;1;0;12.6;18.4;15.3;49;94;74;4.7
16/06/2012;26300;0;1;12.6;18.6;15.1;44;81;66;0
17/06/2012;28531;0;1;12.5;20.2;16.3;43;79;61;0.1
18/06/2012;31089;1;0;11.5;19.5;15;44;89;66;2.3
19/06/2012;37601;1;0;10.9;21;16.4;40;85;60;0
20/06/2012;39267;1;0;10.9;22.4;17.2;36;88;58;0
21/06/2012;27052;1;0;11.4;19.8;15.6;62;94;81;6.9
22/06/2012;33027;1;0;11.2;18.1;14.6;55;92;74;1.1
23/06/2012;26900;0;1;10.9;19.6;15.1;43;81;65;1.2
24/06/2012;23509;0;1;11.7;20.2;15.6;43;95;73;10.3
25/06/2012;36337;1;0;12.4;21.7;17.6;44;87;64;0
26/06/2012;37652;1;0;14.8;23.5;18.8;38;83;62;0
27/06/2012;36767;1;0;17;23.7;19.8;64;88;78;0.1
28/06/2012;39571;1;0;16;28.4;21.8;38;92;70;0
29/06/2012;35321;1;0;14.3;21.3;17.1;44;82;70;0.1
30/06/2012;32982;0;1;13.9;21.4;17.5;41;84;64;0
01/07/2012;27438;0;1;11.5;19;15.7;46;79;62;0
02/07/2012;24963;1;0;13.3;18.7;15.3;60;93;79;3.5
03/07/2012;27163;1;0;15.4;19;16.9;75;96;89;2.8
04/07/2012;32433;1;0;15.9;21.9;18.5;67;96;84;9.5
05/07/2012;40565;1;0;15.2;23;19.1;49;89;67;0
06/07/2012;24723;1;0;14.6;19.6;16.5;67;89;78;5.7
07/07/2012;24782;0;1;13.5;19;16.3;58;89;76;3.7
08/07/2012;15855;0;1;14;19.7;15.9;71;97;90;19.8
09/07/2012;30523;1;0;14.7;18;15.9;72;94;86;0.5
10/07/2012;29723;1;0;12.5;17.7;15.4;66;90;81;4
11/07/2012;30544;1;0;12.2;19.4;15.2;44;91;73;2.6
12/07/2012;24736;1;0;10.2;19.5;14.5;44;94;76;11.9
13/07/2012;28875;1;0;14;19.9;16.2;54;96;80;4.6
14/07/2012;17999;0;1;13;16.9;14.6;72;94;88;6.6
15/07/2012;29938;0;1;11.7;18.7;15.2;43;94;67;0
16/07/2012;24218;1;0;13.2;17;15.2;64;93;83;2.6
17/07/2012;36788;1;0;13.9;23;18.5;60;93;75;0
18/07/2012;29841;1;0;14.6;18.6;16.6;71;92;85;1.7
19/07/2012;37032;1;0;13.7;20.6;16.8;45;92;69;0
20/07/2012;31187;1;0;12.4;18.6;14.9;60;88;78;0.8
21/07/2012;34776;0;1;10.9;21;15.9;43;93;69;0
22/07/2012;38620;0;1;12.3;23.4;18.5;41;80;57;0
23/07/2012;42309;1;0;13.8;27.9;21.34;28;73;48.9;0
24/07/2012;45748;1;0;13.5;30;22.71;30;82;50.5;0
25/07/2012;45024;1;0;15.1;30.6;23.32;32;79;50.3;0
26/07/2012;46891;1;0;15.4;26.9;21.23;36;75;53.2;0
27/07/2012;42815;1;0;15.5;24.7;19.79;54;90;71.2;0
28/07/2012;44617;0;1;14.4;21.7;17.55;34;68;51.2;0
29/07/2012;26352;0;1;11.6;18.9;14.83;48;82;67.5;5.5
30/07/2012;41891;1;0;10.1;20.5;15.54;34;84;56.9;0
31/07/2012;35805;1;0;11.4;20;16.1;54;90;78.7;3.2
01/08/2012;41603;1;0;13.5;22.7;18.2;47;93;75.2;0
02/08/2012;43183;1;0;15.5;21.6;18.28;50;88;68.6;0.9
03/08/2012;43045;1;0;13.3;22.3;17.91;41;89;66.1;0
04/08/2012;39082;0;1;15;21;17.72;54;89;71.4;0.3
05/08/2012;30150;0;1;13.2;20.8;17.02;52;93;75.3;15.8
06/08/2012;37198;1;0;15.1;22.2;17.57;46;88;71.5;0.1
07/08/2012;38134;1;0;11.7;20;15.68;53;89;74.1;0.8
08/08/2012;42263;1;0;15.2;23.1;18.71;51;94;76.9;0.3
09/08/2012;46050;1;0;12.5;26;19.91;36;93;64.7;0
10/08/2012;47102;1;0;14.1;26.5;20.68;40;93;63.7;0
11/08/2012;44111;0;1;14.3;22.6;18.8;42;85;62.4;0
12/08/2012;41734;0;1;15.1;26.6;20.25;41;90;67.3;0
13/08/2012;36101;1;0;16.1;23.3;19.18;50;84;71.5;0
14/08/2012;41532;1;0;17.8;25.2;20.83;46;90;69;0.3
15/08/2012;36557;1;0;17.4;22.5;19.36;55;90;74.8;0.6
16/08/2012;38181;1;0;16.5;22.1;19.11;49;79;65.3;0.3
17/08/2012;40821;1;0;18.1;27.6;22.22;33;76;57.9;0
18/08/2012;40577;0;1;20;30;25.04;40;77;53;0
19/08/2012;35370;0;1;17.7;29.5;23.62;42;91;66.9;0.1
20/08/2012;37997;1;0;17.4;24.9;20.54;49;82;69;0
21/08/2012;39185;1;0;15.1;22.6;18.51;46;86;69.1;0
22/08/2012;39962;1;0;13.7;22;17.57;43;86;65.6;0
23/08/2012;36578;1;0;13.3;22.1;17.77;42;84;63;0
24/08/2012;33329;1;0;14.5;20.6;17.19;50;89;69.8;0.8
25/08/2012;17802;0;1;14.7;20.9;17.03;65;93;85.4;6.6
26/08/2012;31939;0;1;14.3;21.4;17.03;37;89;65.3;0
27/08/2012;27522;0;1;13;20.9;17.62;52;89;69.6;0.1
28/08/2012;37362;1;0;14.9;23;18.72;45;90;68.9;0.6
29/08/2012;30916;1;0;13.9;20.1;15.78;51;89;79.9;3.8
30/08/2012;30379;1;0;9.3;16.8;14.28;65;92;79.2;0.3
31/08/2012;37406;1;0;6.7;18;13.03;38;80;58.2;0
01/09/2012;33123;0;1;13.2;21.1;16.58;44;75;67.3;0
02/09/2012;27997;0;1;12.6;19.5;16.18;72;91;82.5;0
03/09/2012;39941;1;0;14.7;24.1;18.72;38;94;70.2;0
04/09/2012;40298;1;0;14;24.6;18.62;53;91;72.6;0
05/09/2012;40606;1;0;11.1;19.9;15.6;43;77;58;0
06/09/2012;39864;1;0;7.3;21;15.2;37;89;60.3;0
07/09/2012;41414;1;0;11.3;25.5;18.11;30;87;57.1;0
08/09/2012;40978;0;1;9.5;26.7;18.3;24;84;54.2;0
09/09/2012;39006;0;1;10.1;27.6;18.35;30;84;60.2;0
10/09/2012;35489;1;0;16.8;20.7;18.35;64;84;73.8;0
11/09/2012;37276;1;0;11.4;17.4;15.62;37;79;57.6;0
12/09/2012;35654;1;0;8.5;18;13.27;49;83;65.1;2.3
13/09/2012;37938;1;0;7.8;18;13.48;44;85;63.9;0
14/09/2012;36653;1;0;12.9;19.9;16.25;43;81;64.1;0
15/09/2012;36493;0;1;9.6;21.1;15.51;45;84;64.3;0
16/09/2012;29785;0;1;13.3;18.1;15.64;54;85;70.8;0
17/09/2012;35954;1;0;13.9;18.9;16.13;41;88;65;0
18/09/2012;37026;1;0;9.6;16.7;13.78;37;82;59.8;0
19/09/2012;36136;1;0;6.9;16.4;11.88;38;80;57.9;0
20/09/2012;35929;1;0;9.3;17.3;13.16;47;78;62.2;0
21/09/2012;32347;1;0;10.3;16.4;13.09;52;87;70.1;1.7
22/09/2012;33867;0;1;6;15.1;11.09;45;89;67.2;0
23/09/2012;8452;0;1;8.2;11.9;10.1;66;98;85.5;21.8
24/09/2012;21229;1;0;11.1;14.9;12.79;65;98;89.4;9.5
25/09/2012;33706;1;0;9.6;16.2;12.61;59;85;74;0.6
26/09/2012;27202;1;0;10;15.1;12.29;75;93;85.3;4.1
27/09/2012;32416;1;0;10.4;16.4;12.64;53;95;80.9;1.1
28/09/2012;31880;1;0;8.6;17.1;12.2;66;92;84.2;2.3
29/09/2012;31223;0;1;8.4;15.2;11.53;43;94;70.8;0
30/09/2012;25263;0;1;5.8;16.7;12.1;64;88;76.9;0
01/10/2012;23627;1;0;12;15.6;14.16;79;96;88.4;8.6
02/10/2012;30107;1;0;10.6;16.6;13.41;65;93;84.9;1.2
03/10/2012;32695;1;0;9.2;14.2;12.17;59;92;81.1;10.1
04/10/2012;35136;1;0;7.2;15.1;11.45;56;96;76.5;0
05/10/2012;23773;1;0;8.6;15.5;12.34;58;97;82.1;15.6
06/10/2012;30424;0;1;6.3;14;9.75;63;97;84.9;9
07/10/2012;27168;0;1;4.4;13.5;9.3;74;97;86.9;0
08/10/2012;22984;1;0;8.5;11.8;10.93;88;98;94.7;3.8
09/10/2012;32965;1;0;8.3;13.3;10.94;70;98;85.1;0
10/10/2012;35221;1;0;4.9;14.4;10.51;57;90;71.5;0
11/10/2012;25324;1;0;8.3;15;12.01;71;97;87.7;7.2
12/10/2012;31694;1;0;8.3;14.8;11.6;48;97;72.7;0.3
13/10/2012;26289;0;1;5.1;11.7;8.55;60;94;80.3;0.3
14/10/2012;25440;0;1;2.7;11.7;7.37;57;96;80.2;0
15/10/2012;30558;1;0;3.1;13.3;8.9;59;94;81.8;0.9
16/10/2012;33253;1;0;9.3;14.4;11.75;47;95;70;0.8
17/10/2012;30285;1;0;8.6;16.1;12.92;56;96;80;9.5
18/10/2012;32566;1;0;12.4;15.8;13.96;64;91;81.5;0.3
19/10/2012;21001;1;0;11.6;13.6;12.3;82;98;93.9;6.6
20/10/2012;25411;0;1;9.8;14.2;11.74;74;98;91.6;4.8
21/10/2012;15563;0;1;9.5;12;10.82;94;98;96.2;1.7
22/10/2012;27294;1;0;11.5;14.6;13.4;98;98;98;0.1
23/10/2012;31996;1;0;11.9;13.8;12.92;98;98;98;0.3
24/10/2012;33882;1;0;12.7;15.8;13.92;84;98;94.7;0
25/10/2012;29515;1;0;9.3;13.6;11.89;83;98;93.3;0.3
26/10/2012;26404;1;0;3.3;9.3;7.39;70;86;79;0.9
27/10/2012;17144;0;1;1.8;7.6;4.26;64;89;78.9;0.3
28/10/2012;15305;0;1;1.6;9.1;5.86;82;95;86.9;3.2
29/10/2012;24276;1;0;7.7;11.9;9.37;78;96;90.6;2.3
30/10/2012;30325;1;0;5.3;10.1;7.6;62;98;83.9;0.6
31/10/2012;29241;1;0;6.7;12.2;9.69;68;86;77.1;0.3
01/11/2012;26888;1;0;4.1;11.4;7.36;71;94;83.1;10.6
02/11/2012;28748;1;0;4.4;10.2;6.57;52;86;74.5;0
03/11/2012;21498;0;1;2.6;9.3;6.1;55;93;75.7;0
04/11/2012;11693;0;1;1.3;8.4;4.66;79;98;91.9;17.3
05/11/2012;27666;1;0;1.8;8.5;5.13;69;98;87.6;0
06/11/2012;27038;1;0;0.7;9.4;5.74;74;97;87.7;0.3
07/11/2012;29537;1;0;5;9.7;7.93;75;97;85.7;0
08/11/2012;29895;1;0;7.7;11.7;9.65;64;89;78.4;0
09/11/2012;29349;1;0;8.5;11.4;9.68;69;78;75.2;0
10/11/2012;18018;0;1;5.3;10.3;8.94;77;94;88.5;3.2
11/11/2012;20971;0;1;2;9.8;5.74;67;98;86;0
12/11/2012;23680;1;0;4.6;12;8.82;85;98;91.6;1.2
13/11/2012;30511;1;0;10;14.6;12.42;73;98;88.7;0
14/11/2012;31453;1;0;6.8;12.3;10.64;70;90;84;0
15/11/2012;30165;1;0;4.8;8.7;6.62;88;98;93.7;0
16/11/2012;28143;1;0;6.4;9.8;7.88;85;97;90.6;0.3
17/11/2012;20325;0;1;6.9;12.3;10.23;78;98;90.3;0.6
18/11/2012;21664;0;1;1;8;4.68;68;96;82.7;0
19/11/2012;28127;1;0;3;11.2;8.41;64;88;79.6;0
20/11/2012;25921;1;0;10.8;13.5;12.16;82;96;91.1;2.3
21/11/2012;20554;1;0;6.4;11.9;9.28;85;95;91.5;6.6
22/11/2012;27783;1;0;6.7;13.3;11.19;68;96;80.7;6.6
23/11/2012;27973;1;0;3.7;10.6;7.47;74;94;87.6;4.3
24/11/2012;8902;0;1;2.7;9.8;6.37;93;98;97.5;10
25/11/2012;16894;0;1;7.1;12;9.93;64;98;81;2.3
26/11/2012;20656;1;0;6.7;10.6;8.44;79;97;90.1;5.5
27/11/2012;20388;1;0;5.6;7.9;7.01;83;98;93.7;4
28/11/2012;21403;1;0;2.3;6.5;5.19;79;91;85.4;0
29/11/2012;26212;1;0;0.6;5.2;2.48;77;90;84.9;0
30/11/2012;24838;1;0;-1.7;4.1;0.65;77;96;88.4;0
01/12/2012;16068;0;1;-2.4;5.1;1.07;75;98;89.6;0
02/12/2012;15227;0;1;-1;4.5;1.63;61;87;79.3;0
03/12/2012;23592;1;0;3.6;10.1;6.71;73;98;86.5;5.5
04/12/2012;26144;1;0;0.5;7.3;3.87;64;92;80.4;0
05/12/2012;23111;1;0;-0.9;3;1.27;72;97;83.6;0.3
06/12/2012;22645;1;0;-3;5.1;1.13;67;93;81;3.2
07/12/2012;20140;1;0;2.3;5.7;4.24;61;96;80.7;2.3
08/12/2012;17805;0;1;2.1;5.6;4.11;77;91;82.8;0
09/12/2012;14147;0;1;3.8;8.7;6.44;65;91;79.3;0
10/12/2012;23937;1;0;0.9;4.9;3.2;71;87;78.4;0
11/12/2012;23531;1;0;-3.4;1.7;-0.59;85;96;91.9;0
12/12/2012;22344;1;0;-4.7;2.1;-1.06;79;98;92.2;0
13/12/2012;21704;1;0;-2.3;1.1;-0.29;80;93;86.2;0
14/12/2012;17085;1;0;1.1;9.9;6.43;79;98;93;10.7
15/12/2012;16962;0;1;7.1;10.7;8.6;77;91;85.6;0
16/12/2012;14128;0;1;5.6;9.3;7.19;80;95;88.8;1.4
17/12/2012;22899;1;0;5.4;8.5;6.85;76;94;87.1;0.1
18/12/2012;23651;1;0;1.8;7.7;5.67;83;94;87.7;0
19/12/2012;16828;1;0;1.6;7.5;5.05;84;98;94.2;6
20/12/2012;12401;1;0;6.3;9.5;8;96;98;97.8;21.7
21/12/2012;20395;1;0;6.6;9.4;7.56;84;98;94.4;0
22/12/2012;5644;0;1;6.6;12.9;10.02;96;98;97.4;17.8
23/12/2012;9184;0;1;9.6;12.9;11.49;78;98;88.6;1.1
24/12/2012;7985;1;0;7.8;12;9.67;84;98;92;4.9
25/12/2012;16816;0;1;5.6;9.2;7.85;84;96;90.9;12.6
26/12/2012;10405;0;1;4.4;9.9;7.33;77;96;90.2;2
27/12/2012;9013;1;0;4.7;8;7.07;77;93;84.2;2
28/12/2012;10947;1;0;4;12.2;9.27;81;98;90.3;3.5
29/12/2012;8498;0;1;6.7;11.9;10.07;74;91;82.5;1.2
30/12/2012;11343;0;1;5.1;10.8;7.56;72;81;76;0
31/12/2012;8865;1;0;9.3;11.2;10.46;76;95;88.3;5.1
01/01/2013;12149;0;1;3.9;9.3;5.87;67;94;82.8;1.5
02/01/2013;16203;1;0;2.8;10.6;6.6;82;98;91.8;1.1
03/01/2013;21269;1;0;9.5;11.4;10.49;90;98;93.8;0
04/01/2013;22435;1;0;8.2;10.7;9.62;77;92;84.8;0
05/01/2013;16242;0;1;8.1;10.7;9.27;85;96;91.3;0
06/01/2013;13622;0;1;7;8.7;7.88;93;98;96.7;0
07/01/2013;23348;1;0;7.3;9.4;8.27;88;96;92.5;0
08/01/2013;25909;1;0;9;11;9.96;82;95;86.8;0.5
09/01/2013;25341;1;0;0.9;9.3;6.33;74;98;91.4;2.9
10/01/2013;24363;1;0;0.2;2.5;1.45;95;98;97.1;0
11/01/2013;23869;1;0;0.7;4.6;2.07;94;98;96.7;0
12/01/2013;13562;0;1;0.6;4.4;2.91;55;98;83.4;0.5
13/01/2013;12260;0;1;-0.5;3.1;1.45;69;78;74.1;0
14/01/2013;17427;1;0;-0.8;2.4;0.81;76;96;87.5;4.9
15/01/2013;22797;1;0;-2.6;1.6;0.62;83;94;87.9;0
16/01/2013;22460;1;0;-3.4;-0.8;-2.37;89;98;95.7;0
17/01/2013;22210;1;0;-5.5;2.3;-1.07;73;96;86.3;0
18/01/2013;13108;1;0;-2.1;1.8;-0.78;71;90;83;5
19/01/2013;7843;0;1;-0.8;0.4;-0.19;80;94;88.8;0.1
20/01/2013;3728;0;1;-1.8;-0.3;-0.97;79;98;91.2;8
21/01/2013;13467;1;0;-2.4;1.4;-0.04;85;98;91.6;0
22/01/2013;18061;1;0;-4.8;2.5;-0.18;75;98;89;0
23/01/2013;19404;1;0;0.9;2.3;1.47;78;86;82.1;0.3
24/01/2013;20721;1;0;-1.5;1.8;1.02;70;89;79.5;0
25/01/2013;20178;1;0;-2.1;2.9;1.02;68;87;77;0.3
26/01/2013;14595;0;1;2.2;7.7;5.03;75;96;86.7;4.1
27/01/2013;13689;0;1;4.6;10.1;7.92;49;98;75.9;7.1
28/01/2013;18689;1;0;2.6;10.6;6.49;75;96;83.6;2
29/01/2013;21268;1;0;9.6;13.5;11.62;78;96;91;1.5
30/01/2013;23415;1;0;7.2;12.2;9.87;51;97;76.8;5.7
31/01/2013;21957;1;0;7.2;10;8.76;55;84;70.9;1.5
01/02/2013;18081;1;0;4.1;8.2;5.84;73;92;83;7.2
02/02/2013;15757;0;1;0.4;5;3.21;55;88;69.3;0
03/02/2013;13572;0;1;0;9.2;4.94;68;89;80.2;0
04/02/2013;23017;1;0;6.3;10.1;8.79;47;89;67.7;0
05/02/2013;21177;1;0;2.1;6.4;4.37;45;86;67.6;2
06/02/2013;20664;1;0;1.7;5.6;4.01;59;86;73.5;0.3
07/02/2013;20852;1;0;0.8;4.8;2.52;54;93;68.4;2
08/02/2013;20571;1;0;-0.1;4.9;2.45;64;95;82.8;0.5
09/02/2013;11274;0;1;0.6;4;2.82;78;89;85;0.3
10/02/2013;4901;0;1;0.4;4.9;3.19;89;98;94.6;12.9
11/02/2013;13468;1;0;0.3;1.1;0.68;98;98;98;7.6
12/02/2013;20342;1;0;0.5;1.6;1.07;72;98;83.3;0
13/02/2013;21051;1;0;0.8;3.7;1.75;55;90;71;0
14/02/2013;21034;1;0;3.8;10.2;7.47;66;98;84.6;3.2
15/02/2013;22952;1;0;2.3;9.6;6.01;52;94;76.2;0
16/02/2013;19072;0;1;2.6;10;7.14;48;84;66;0
17/02/2013;19044;0;1;0.4;9.7;4.05;50;93;80.2;0
18/02/2013;22724;1;0;0.9;7.3;4.19;68;93;81.1;0
19/02/2013;24525;1;0;-2.2;8.8;3.15;52;97;79.2;0
20/02/2013;20938;1;0;1.3;4.2;2.72;58;97;75.8;0.8
21/02/2013;19757;1;0;0.5;1.8;1.19;50;63;54.9;0
22/02/2013;18313;1;0;-0.1;1.4;0.58;53;66;57.3;0.1
23/02/2013;11234;0;1;-0.3;1.7;0.65;53;76;66;0.1
24/02/2013;9404;0;1;0.3;2;1.04;63;79;70.5;0
25/02/2013;19800;1;0;1.1;3.9;2.72;74;89;84.2;0
26/02/2013;19595;1;0;2.3;4.4;3.45;89;98;95.1;0.1
27/02/2013;21484;1;0;1.7;5.7;3.11;66;98;85.9;0
28/02/2013;21985;1;0;1.6;8.3;4.05;60;89;78;0
01/03/2013;19487;1;0;2.1;6.3;4.28;57;97;77.2;0.1
02/03/2013;15265;0;1;-1.2;4.8;2.62;63;81;69.8;0
03/03/2013;14520;0;1;-1.9;8;3.31;56;90;77.5;0
04/03/2013;23036;1;0;1.4;8.8;4.54;48;88;73.3;0
05/03/2013;27054;1;0;1.9;15.3;8.26;48;93;71;0
06/03/2013;24324;1;0;7.7;13.5;9.83;56;78;68.3;0.3
07/03/2013;17322;1;0;7.1;9.5;8.41;79;98;93.1;4.6
08/03/2013;13843;1;0;7.8;9.7;8.82;98;98;98;12.5
09/03/2013;14244;0;1;2.8;7.8;5.41;86;98;94.3;2
10/03/2013;10163;0;1;0.6;3;1.89;76;91;83.9;0
11/03/2013;16546;1;0;-2.1;0.6;-0.75;53;79;68.2;0.3
12/03/2013;18794;1;0;-2.2;3.9;0.69;42;83;59;0
13/03/2013;20245;1;0;-0.2;5.8;2.25;50;89;72.9;0.3
14/03/2013;21984;1;0;-1.7;6.1;2.67;43;93;67;0
15/03/2013;17159;1;0;3.2;8.5;6.01;52;91;76.8;3.7
16/03/2013;9190;0;1;5.8;7.8;6.68;77;93;84.7;4.6
17/03/2013;7940;0;1;2;7.2;4.91;78;94;87;3.7
18/03/2013;15852;1;0;-1.2;7.1;2.96;81;98;93.4;11.5
19/03/2013;22479;1;0;2.4;7.9;4.37;60;97;84.6;0
20/03/2013;22216;1;0;1.9;5.8;3.43;78;95;87;0
21/03/2013;22061;1;0;0.5;6.3;3.55;57;86;72.7;0
22/03/2013;16233;1;0;2.1;5.1;3.34;68;90;77.7;3.4
23/03/2013;5249;0;1;0.4;2.6;0.93;89;98;96.3;6.8
24/03/2013;6786;0;1;-0.8;0.9;-0.05;61;98;83.8;0.3
25/03/2013;17290;1;0;0;1.1;0.63;58;68;63.4;0
26/03/2013;18384;1;0;-0.2;1.3;0.7;56;73;61.4;0
27/03/2013;19184;1;0;-1.3;3.4;1.11;51;77;62;0
28/03/2013;18052;1;0;-1.2;4;1.7;45;86;63.3;0
29/03/2013;10909;0;1;-1.3;5.7;2.14;40;71;56.9;0
30/03/2013;9793;0;1;0.1;4.8;2.35;52;76;65;0.1
31/03/2013;9007;0;1;-2.6;5.6;1.82;42;80;61.4;0
01/04/2013;9421;0;1;0.3;5.3;2.35;43;75;61.3;0
02/04/2013;19148;1;0;-1;7.3;3.22;34;82;54.6;0
03/04/2013;17801;1;0;-0.1;4.2;2.31;47;84;60.8;0
04/04/2013;15626;1;0;0.1;2.7;1.64;51;93;71.1;0.6
05/04/2013;18059;1;0;1.3;7.4;3.77;38;79;59.3;0
06/04/2013;18216;0;1;0.1;9.9;4.81;37;89;61.2;0
07/04/2013;18090;0;1;-1.7;10.7;5.08;31;78;54.6;0
08/04/2013;21797;1;0;3.2;9.9;5.85;39;75;58.9;0
09/04/2013;17555;1;0;2.7;8.9;5.75;69;90;80.5;0.9
10/04/2013;22233;1;0;2.4;12.2;6.89;51;94;76.3;4.3
11/04/2013;19240;1;0;5.4;10.5;7.31;83;98;93.4;4.1
12/04/2013;15100;1;0;7.4;11.9;9.08;67;95;87.1;10.2
13/04/2013;11291;0;1;5.1;12;9.41;66;97;87.4;6.5
14/04/2013;25074;0;1;11.3;19.6;14.92;44;98;69.6;0
15/04/2013;24923;1;0;10.8;16.1;13.2;52;81;67.1;0
16/04/2013;26060;1;0;9.7;16.9;12.82;39;88;63.9;0
17/04/2013;25730;1;0;9.8;18.3;13.67;50;92;71.6;0
18/04/2013;23979;1;0;8.2;14.5;11.05;37;70;56;0.8
19/04/2013;24297;1;0;6.2;12;9.27;47;77;63.3;0
20/04/2013;26724;0;1;1.4;13.4;7.81;36;92;60.9;0
21/04/2013;22466;0;1;0.2;15.3;8.77;35;86;55.6;0
22/04/2013;25384;1;0;7.3;15.3;10.83;43;82;67.3;0
23/04/2013;31359;1;0;10;20.2;15.08;40;88;62.9;0
24/04/2013;30193;1;0;10.1;19.6;15.42;52;82;66.1;0.3
25/04/2013;32000;1;0;10.8;22.4;16.37;38;93;66.6;0
26/04/2013;23125;1;0;6.1;13.3;9.44;37;91;63.3;3.9
27/04/2013;17337;0;1;3.8;10.7;6.68;49;81;64.7;0.1
28/04/2013;19139;0;1;0.1;12.3;7.55;36;89;58.8;0
29/04/2013;27644;1;0;7.9;14.4;10.69;36;79;52.4;0
30/04/2013;29219;1;0;3.9;14.1;9.4;36;78;57;0
01/05/2013;31175;1;0;3;16.1;9.64;34;90;58.4;0
02/05/2013;31239;1;0;4.6;17.4;11.28;26;56;39.4;0
03/05/2013;31340;1;0;3.1;20.1;12.52;29;74;49.4;0
04/05/2013;19156;0;1;8.3;17.1;12.63;35;73;56.4;0
05/05/2013;24342;0;1;6.6;18.5;14.13;48;76;58.9;0
06/05/2013;29015;0;1;9.6;21.1;16.31;39;82;56.5;0
07/05/2013;30707;1;0;7.4;19.9;15.09;34;81;52.2;0
08/05/2013;26032;1;0;10.3;17.3;13.63;54;90;72.7;1.2
09/05/2013;24250;1;0;7.6;14.2;10.87;44;89;66.5;1.1
10/05/2013;26399;1;0;10;16.8;12.67;44;85;69;0
11/05/2013;16627;0;1;6.5;13.9;10.15;49;87;72.1;5.8
12/05/2013;15918;0;1;5.4;15.4;10.16;40;91;73.9;0.9
13/05/2013;24836;1;0;8.6;15.2;12.12;36;92;61.6;0.3
14/05/2013;18054;1;0;7.4;12.2;9.41;52;93;73.6;8.8
15/05/2013;24015;1;0;6.5;14.3;9.26;47;86;67;0.1
16/05/2013;26070;1;0;2.9;16.1;9.98;36;92;67.6;1.1
17/05/2013;24932;1;0;6.1;11.6;9.69;64;89;75.5;0
18/05/2013;22272;0;1;8.9;15.2;11.69;52;75;64.6;0
19/05/2013;23994;0;1;7.8;18.4;13.01;49;86;67.9;0
20/05/2013;25914;1;0;10.5;16.8;13.97;76;93;85.4;0.1
21/05/2013;27649;1;0;11;15.9;12.89;70;87;79.6;0
22/05/2013;26967;1;0;8.3;14.2;11.02;47;85;69.1;0
23/05/2013;24701;1;0;5.7;11;8.06;42;73;61.4;0.1
24/05/2013;12891;1;0;5.4;8.9;6.83;73;91;82.9;9.3
25/05/2013;21087;0;1;4.9;15.2;10.04;40;97;67.5;0
26/05/2013;27251;0;1;5.1;19.7;13.3;31;77;49.6;0
27/05/2013;25819;0;1;7.7;18.3;13.74;33;65;47.2;0
28/05/2013;14556;1;0;10.1;13.1;11.42;48;92;80.1;14.7
29/05/2013;21440;1;0;8.8;12.5;10.83;80;93;88.1;0.5
30/05/2013;22150;1;0;10.7;15.1;12.17;78;97;90;5.1
31/05/2013;29136;1;0;10.7;21.2;15.28;50;92;75.3;0
01/06/2013;24782;0;1;10.2;17.7;13.81;48;75;63.4;0
02/06/2013;27202;0;1;9;18.6;14.07;38;80;55.9;0
03/06/2013;29940;1;0;6.9;18.3;13.34;39;88;59.2;0
04/06/2013;32397;1;0;6.8;20.2;14.16;37;75;54.1;0
05/06/2013;32488;1;0;8.5;20.8;13.97;43;82;66.4;0
06/06/2013;32829;1;0;8.5;21.6;14.96;43;84;63.2;0
07/06/2013;28762;1;0;9.6;19.5;14.62;44;76;60.7;0.1
08/06/2013;27264;0;1;8.8;17.3;12.91;47;83;65.8;0
09/06/2013;19429;0;1;10.1;14.1;11.97;60;79;70.2;0
10/06/2013;27336;1;0;10;15.1;12.15;55;71;64.1;0
11/06/2013;26601;1;0;9.4;17;13.97;66;84;78.4;0
12/06/2013;24401;1;0;14.5;17;15.64;70;93;84.7;2
13/06/2013;26388;1;0;12.4;18;14.58;49;92;73.3;0.1
14/06/2013;28797;1;0;9.5;19.2;14.55;34;81;63.8;0
15/06/2013;16020;0;1;11.6;17.3;14.37;44;85;68.2;4.2
16/06/2013;19970;0;1;11.5;18.3;14.74;49;81;66.2;0.1
17/06/2013;28611;1;0;12.7;20.6;16.26;44;80;61.4;0
18/06/2013;30871;1;0;13;20.8;17.34;66;84;72.9;0
19/06/2013;31899;1;0;15.2;25.4;20.11;48;92;73.4;0
20/06/2013;29959;1;0;15.4;21.7;18.28;68;89;78.1;0.1
21/06/2013;28844;1;0;14.5;20.9;17.1;66;87;79.6;2.7
22/06/2013;19483;0;1;11.8;17.6;14.61;62;97;78.8;3.7
23/06/2013;19006;0;1;12.1;17.2;14.9;56;87;72.8;0.1
24/06/2013;27636;1;0;10.5;16.6;13.25;46;77;62.1;0
25/06/2013;31889;1;0;8.3;20.2;15.02;36;79;56;0
26/06/2013;31156;1;0;9.4;20.9;16.02;41;82;59.4;0
27/06/2013;27306;1;0;10;20.3;15.01;43;88;66.5;0.7
28/06/2013;22074;1;0;12.5;20.5;16.17;74;94;86.7;1.8
29/06/2013;29054;0;1;12.8;21.4;17.2;37;83;59.2;0
30/06/2013;31237;0;1;15.3;26.3;20.46;34;82;58.8;0
01/07/2013;31151;1;0;14.2;20.7;17.33;38;75;55.7;0
02/07/2013;30163;1;0;12.8;18;15.45;48;80;64.8;0.1
03/07/2013;30780;1;0;14.5;20.2;17.05;57;93;75.7;1.2
04/07/2013;32941;1;0;13.1;23.4;18.23;50;91;70.1;0
05/07/2013;34704;1;0;12.8;25.4;19.7;37;83;57.7;0
06/07/2013;34191;0;1;12.7;28;20.81;34;80;56;0
07/07/2013;31363;0;1;14.6;28.4;22.04;34;86;57.2;0
08/07/2013;34263;1;0;14.7;26.6;20.86;40;76;57.1;0
09/07/2013;35519;1;0;11.6;25.9;19.31;30;81;51;0
10/07/2013;33629;1;0;12.2;23.4;18.34;45;71;57.9;0
11/07/2013;33792;1;0;11.5;22.7;16.09;40;74;58.8;0
12/07/2013;33173;1;0;11.4;24.8;17.49;45;82;66;0
13/07/2013;33509;0;1;14.7;30.3;22.98;37;89;61.1;0
14/07/2013;32169;0;1;16.9;28.2;23.19;34;81;56.5;0
15/07/2013;34419;1;0;17.2;30.1;23.64;22;66;41.3;0
16/07/2013;35580;1;0;16.3;30.2;23.69;31;75;50.5;0
17/07/2013;35203;1;0;16.7;31.2;24.67;29;71;45;0
18/07/2013;35330;1;0;17;28.1;22.56;35;70;51.8;0
19/07/2013;35196;1;0;14.8;28;21.69;33;67;50.9;0
20/07/2013;28332;0;1;16.1;22.5;19.08;58;84;70.7;0
21/07/2013;30075;0;1;16.4;26.1;20.17;46;86;69;0
22/07/2013;33176;1;0;16.7;32.7;24.47;31;87;59.1;0.1
23/07/2013;31624;1;0;19.4;26.7;22.6;53;92;72.1;12.2
24/07/2013;34038;1;0;16.2;26.5;21.36;41;81;60.9;0
25/07/2013;33683;1;0;17.3;25.3;21.13;42;88;66.5;3.9
26/07/2013;34681;1;0;15.5;26.8;21.28;37;79;55.8;0
27/07/2013;25761;0;1;14.3;28.5;20.69;36;90;61.4;6.7
28/07/2013;28177;0;1;15.4;23.3;19.55;47;92;68.5;2.4
29/07/2013;30415;1;0;16.1;22.8;19.04;49;89;70.7;1.8
30/07/2013;22742;1;0;15.5;20.8;17.52;72;95;85.1;7.2
31/07/2013;28976;1;0;16.6;23.1;19.36;66;90;77.7;0.6
01/08/2013;34770;1;0;16.6;32.8;25.49;31;91;59.4;0
02/08/2013;29109;1;0;17.6;25.3;20.94;45;86;65.4;2.8
03/08/2013;34928;0;1;15.4;23.9;19.3;42;88;64.5;0.9
04/08/2013;32580;0;1;15;23;19.01;44;87;64.5;0
05/08/2013;23864;1;0;15.7;23.3;19.03;51;92;71.4;10.3
06/08/2013;33631;1;0;11.7;22.3;17.37;40;94;67;0
07/08/2013;33084;1;0;13.5;22.4;17.8;42;87;60.6;0
08/08/2013;33737;1;0;10.2;24.1;18.11;35;84;57.4;0
09/08/2013;28206;1;0;15.7;23.2;19;36;91;63.5;1.5
10/08/2013;28830;0;1;13.3;21.7;17.65;36;71;52.7;0
11/08/2013;29530;0;1;16;22.6;18.83;36;74;54.7;0
12/08/2013;30425;1;0;14.2;20.7;17.17;35;73;55;0
13/08/2013;30933;1;0;11.5;20.2;15.78;39;82;63.1;0
14/08/2013;31412;1;0;10.9;22.2;17.45;45;91;69.8;0.1
15/08/2013;30865;1;0;16.7;22.7;19.51;60;92;77.6;0.1
16/08/2013;25555;1;0;16.9;21.9;18.68;70;91;81.7;0.7
17/08/2013;23931;0;1;14.6;20;17.23;60;93;80;0.2
18/08/2013;26910;0;1;16.2;22.3;19.02;45;93;70.1;0
19/08/2013;31183;1;0;12.7;22.6;17.58;38;79;56.4;0
20/08/2013;33578;1;0;10.9;24;18.17;34;80;55.9;0
21/08/2013;33214;1;0;11.8;25.9;19.72;34;84;57.3;0
22/08/2013;22363;1;0;16.7;20.3;18.36;63;92;85.9;5.2
23/08/2013;30665;1;0;15.9;26.2;20.49;44;96;72.8;0
24/08/2013;7341;0;1;13.8;19.3;17.4;74;96;89.8;19.2
25/08/2013;21638;0;1;12.5;22.9;17.29;57;98;84.4;10.3
26/08/2013;27802;0;1;13.8;24.7;19.14;37;94;69.4;0
27/08/2013;29563;1;0;11.3;22.6;16.65;42;94;69.5;0
28/08/2013;32024;1;0;12.4;23.3;17.27;39;93;66.2;0
29/08/2013;31639;1;0;14.3;24.3;18.96;41;85;63.2;0
30/08/2013;31127;1;0;15.5;24.4;19.67;45;85;67.9;0
31/08/2013;29718;0;1;11.3;20;16.62;35;88;56.6;0
01/09/2013;23856;0;1;10.6;21.3;15.61;40;73;57.6;0
02/09/2013;31292;1;0;12.2;24.9;18.28;47;83;65.1;0
03/09/2013;31600;1;0;13.8;24.1;19.34;52;92;71.5;0
04/09/2013;33406;1;0;13.5;26.8;19.7;42;96;74.3;0
05/09/2013;33574;1;0;15.5;28.1;21.11;40;97;69.5;0
06/09/2013;20930;1;0;13.5;18.3;15.66;58;89;75.9;3.3
07/09/2013;21279;0;1;12;18.7;14.85;46;85;66.5;0.9
08/09/2013;18046;0;1;8.2;17.6;12.56;47;93;73.7;0.6
09/09/2013;17943;1;0;9.3;12.9;11.12;84;95;91.9;6.8
10/09/2013;24558;1;0;8.8;16.5;12.34;52;96;80;0.6
11/09/2013;23386;1;0;11.8;16.3;13.61;62;94;76.8;1.8
12/09/2013;24246;1;0;12.5;18.2;15;72;97;86.4;1
13/09/2013;15392;1;0;13.3;18.1;16.17;91;98;95.9;32
14/09/2013;12977;0;1;8;13.6;11.1;79;98;92.5;3.4
15/09/2013;4826;0;1;6.7;15.2;11.61;59;98;88.6;3
16/09/2013;21892;1;0;8;14.2;11.17;45;86;65.3;0.9
17/09/2013;18428;1;0;7.8;13.4;11.12;60;95;80.5;5.5
18/09/2013;25319;1;0;10.1;15.3;12.44;54;95;77.6;0.3
19/09/2013;18746;1;0;8.4;15.5;12.08;69;95;84.1;0.9
20/09/2013;26196;1;0;10.1;18;13.25;55;93;78.6;0
21/09/2013;21988;0;1;9.5;18.2;14.58;79;94;85.6;0
22/09/2013;22683;0;1;13.7;19.1;16.71;81;96;91.2;0
23/09/2013;26625;1;0;12.9;18.9;15.78;77;98;90.9;0
24/09/2013;28666;1;0;10.9;21;15;72;98;89.9;0
25/09/2013;28183;1;0;14.1;20.8;16.79;67;97;86.1;0
26/09/2013;28857;1;0;12.4;18.8;15.31;54;92;75.5;0
27/09/2013;27371;1;0;9.4;17.1;13.13;56;93;76.6;0
28/09/2013;21716;0;1;11.7;18.4;14.63;55;93;79;0.3
29/09/2013;20654;0;1;13;17.1;14.73;67;87;77;0
30/09/2013;27089;1;0;12.1;18.9;14.99;52;91;75.1;0
01/10/2013;27711;1;0;10.9;16.8;14.03;64;93;80.1;0
02/10/2013;26467;1;0;13.1;18.6;15.48;72;96;87.1;2.5
03/10/2013;25153;1;0;13;18.4;15.7;89;98;94;1.2
04/10/2013;26522;1;0;15.5;20.4;17.73;69;98;85.6;0.3
05/10/2013;22996;0;1;12.5;18.1;15.21;71;94;86.1;0
06/10/2013;25143;0;1;8.3;18.7;13.49;53;98;78.9;0
07/10/2013;26680;1;0;11.1;18.7;14.7;67;98;84.2;0
08/10/2013;27598;1;0;13.7;19.7;16.61;68;95;83.3;0
09/10/2013;26433;1;0;8.2;16.3;13.37;57;88;73.7;0
10/10/2013;23497;1;0;6.8;11.7;8.83;52;73;66.1;0.1
11/10/2013;15640;1;0;8.2;12.6;10.88;71;97;88.5;7.6
12/10/2013;17068;0;1;7.3;13.5;11.07;62;98;84.7;4
13/10/2013;7068;0;1;8.5;11.4;10.1;89;98;94.6;11.4
14/10/2013;18979;1;0;8.8;10.8;9.61;88;96;93.4;3.7
15/10/2013;24657;1;0;8;12.6;9.9;80;97;91;0
16/10/2013;20562;1;0;5.1;14.2;9.9;85;98;94.8;5.5
17/10/2013;25170;1;0;11.6;16.8;13.82;68;95;84.7;0
18/10/2013;24880;1;0;10.1;17.1;13.61;76;98;89.8;0
19/10/2013;17430;0;1;13.4;17.2;14.87;82;95;90;0.9
20/10/2013;11396;0;1;12.2;16.8;13.91;76;96;90;13.8
21/10/2013;21385;1;0;12.8;17.3;15.4;79;97;89.3;0.6
22/10/2013;22316;1;0;13.7;17.9;16.42;80;92;85.4;5.1
23/10/2013;24178;1;0;10;17;14.21;55;94;79.6;6.7
24/10/2013;26399;1;0;5.6;16.8;11.66;67;98;84.7;0
25/10/2013;23677;1;0;13;18.3;15.47;72;98;86.1;1.5
26/10/2013;16986;0;1;14;16.8;15.03;74;90;84.6;1.5
27/10/2013;15652;0;1;11.3;16;13.64;56;94;79.4;8.9
28/10/2013;14577;1;0;8.7;15.6;12.24;60;98;81.3;15.2
29/10/2013;23126;1;0;6.5;12.5;9.04;52;91;76.2;0
30/10/2013;24753;1;0;4.4;13.3;9.5;65;94;81;0
31/10/2013;20055;1;0;11.8;13.4;12.45;81;95;90.6;1.5
01/11/2013;20597;1;0;11.4;13.7;12.53;84;94;89.4;0.1
02/11/2013;15347;0;1;9.9;14.5;11.59;61;97;81.8;0.3
03/11/2013;13063;0;1;7.4;11.9;9.06;54;96;70.6;11.6
04/11/2013;20369;1;0;4.6;9.2;6.75;62;98;83.9;3.9
05/11/2013;19326;1;0;3.8;11.5;8.26;66;98;84.5;8.5
06/11/2013;18431;1;0;9.2;14.8;11.76;75;98;89.5;3.7
07/11/2013;22527;1;0;7.9;14.5;10.14;66;94;82.3;0.6
08/11/2013;15188;1;0;3.9;11.6;7.39;82;98;92.3;7.9
09/11/2013;6772;0;1;3.6;6.9;5.44;95;98;97;3.6
10/11/2013;9767;0;1;1.2;8.2;5.04;64;98;84.9;0.3
11/11/2013;14377;1;0;1.3;13;9.04;91;98;95.6;3.9
12/11/2013;19572;1;0;4.8;13;9.79;81;98;92.9;2.1
13/11/2013;22021;1;0;2.6;9.4;6.14;73;98;86.2;0
14/11/2013;21061;1;0;4.2;9.3;7.53;62;88;75.9;0.3
15/11/2013;20850;1;0;2.1;8.8;5.21;66;87;75.2;0
16/11/2013;15029;0;1;1;8.4;5.18;83;97;90.6;0
17/11/2013;12340;0;1;7.4;9.3;8.52;90;97;92.7;0.6
18/11/2013;18491;1;0;5.8;9.3;8.36;92;98;96.3;1.2
19/11/2013;20335;1;0;-0.2;5.8;2.93;60;94;79.5;0
20/11/2013;14115;1;0;-0.8;6.4;2.64;79;94;87.8;6.1
21/11/2013;18668;1;0;2.1;7.6;4.74;61;98;83.4;0.6
22/11/2013;18789;1;0;2.9;7.3;4.71;62;93;79.5;0
23/11/2013;13276;0;1;2.5;6.8;4.85;77;97;88.7;0
24/11/2013;10505;0;1;4.4;8;6.09;72;92;83.7;0
25/11/2013;19201;1;0;3.7;6.8;5.07;72;89;82.3;0
26/11/2013;20486;1;0;1.4;6.9;4.91;68;85;75.5;0
27/11/2013;20274;1;0;5.8;10.3;7.97;82;96;91.2;0.3
28/11/2013;20649;1;0;7.8;9.6;8.73;86;94;91.6;0
29/11/2013;19397;1;0;5.8;10.2;8.23;59;95;79.2;0
30/11/2013;13323;0;1;2;8;5.88;68;83;74.6;0
01/12/2013;11711;0;1;1.8;9.2;5.97;76;89;85;0
02/12/2013;19630;1;0;5.7;9.2;7.6;72;93;82.5;0
03/12/2013;20242;1;0;5.1;6.5;5.84;70;83;74.1;0
04/12/2013;20035;1;0;2.2;8.6;5.81;58;86;75.9;0
05/12/2013;18326;1;0;1.1;10.2;5.24;52;90;73.9;1.8
06/12/2013;18494;1;0;2.6;7.7;5.68;58;84;67.6;0
07/12/2013;13625;0;1;6.5;9;7.63;78;88;84.8;0
08/12/2013;13076;0;1;5.3;10.6;7.99;76;92;85.7;0
09/12/2013;19969;1;0;5.9;10.7;7.69;83;97;91.6;0
10/12/2013;20432;1;0;1.2;9.1;5.45;83;98;91.6;0
11/12/2013;19123;1;0;0.3;4.2;2.35;93;98;97.7;0
12/12/2013;19420;1;0;0.3;8.9;5.67;97;98;98;0
13/12/2013;16921;1;0;7.8;11.7;10.28;77;97;90.2;2.7
14/12/2013;14049;0;1;4;11.1;8.18;69;92;84.7;1.2
15/12/2013;8557;0;1;8.7;12.4;11.12;90;97;95;5.5
16/12/2013;13825;1;0;6.7;12.8;11.26;88;97;94.1;8.8
17/12/2013;15689;1;0;4;7.2;5.47;92;98;95.6;6.1
18/12/2013;17311;1;0;5.6;10.1;8.45;82;98;92.1;6.1
19/12/2013;17738;1;0;3.7;9.6;6.48;66;93;82.4;4.3
20/12/2013;18046;1;0;2.6;10.5;6.24;72;93;84.7;0
21/12/2013;5774;0;1;8.7;11.7;10.47;75;97;90.7;8.1
22/12/2013;9233;0;1;4.6;9.9;7.89;59;84;74.3;0
23/12/2013;6246;1;0;4.6;11.7;9.03;77;95;87.3;15.2
24/12/2013;6201;1;0;5.4;11.6;8.2;75;95;85.6;15.2
25/12/2013;27715;0;1;2.2;6.5;4.59;81;96;88.2;3.3
26/12/2013;7666;0;1;2.3;7.4;3.95;76;98;96.8;0
27/12/2013;7258;1;0;6.7;10.7;8.93;66;98;77;3.7
28/12/2013;10533;0;1;2.9;7.8;5.46;69;87;76.2;0
29/12/2013;10983;0;1;1;7.7;4.02;76;95;86.6;0
30/12/2013;8413;1;0;6.4;10.2;8.66;75;93;85.7;4.8
31/12/2013;7701;1;0;6;10.6;8.1;82;94;88.5;4.2
01/01/2014;4327;0;1;6.4;11;8.89;81;97;90.5;7.9
02/01/2014;15820;1;0;6.3;10.5;8.69;73;94;87;4.5
03/01/2014;11636;1;0;7;10.5;8.52;66;97;81;6.5
04/01/2014;6918;0;1;3.8;9.4;7.55;75;93;87.9;6.9
05/01/2014;9145;0;1;2;12;5.93;85;98;92.7;3.3
06/01/2014;13066;1;0;8.9;12.2;10.93;67;98;83.4;16.8
07/01/2014;17420;1;0;8.7;11.2;10.28;73;86;79.8;7.6
08/01/2014;19770;1;0;7.6;11.5;9.39;80;96;88.9;0.9
09/01/2014;19143;1;0;4.6;11.8;8.6;64;96;77.5;1
10/01/2014;18840;1;0;3.2;9.7;6.48;77;95;87.2;0.6
11/01/2014;15723;0;1;-0.3;8.4;5.57;66;96;84.6;2.4
12/01/2014;11975;0;1;-0.9;9.3;3.89;83;98;93.8;1.8
13/01/2014;17721;1;0;5.4;9.4;7.05;73;98;88.9;4.5
14/01/2014;20740;1;0;1.9;6.3;4.65;70;95;84;2.5
15/01/2014;19243;1;0;6.1;11;9.37;90;98;94.6;2.5
16/01/2014;18861;1;0;6.8;10.3;8.77;72;95;87.3;9.4
17/01/2014;17434;1;0;6.6;8.5;7.39;83;96;90.9;7.6
18/01/2014;15333;0;1;7.6;9.8;8.74;76;96;85.3;0.1
19/01/2014;16083;0;1;2.3;9.2;6.64;69;91;81.3;1.5
20/01/2014;21218;1;0;0.3;7.7;3.25;85;98;93.6;0
21/01/2014;21756;1;0;1;7.7;4.76;82;98;91.6;0.3
22/01/2014;21072;1;0;6.1;9.3;7.63;83;98;91.4;6.4
23/01/2014;20020;1;0;3.1;7.7;5.36;60;98;84.2;3
24/01/2014;19272;1;0;2.7;8.3;5.77;74;93;83.1;4.3
25/01/2014;14581;0;1;5.1;11.5;8.03;60;98;85.8;6.1
26/01/2014;7033;0;1;2.8;9.1;5.56;67;97;81.6;5.1
27/01/2014;18285;1;0;2.1;7.9;4.46;70;89;83.6;0.6
28/01/2014;19939;1;0;5.2;9.1;6.53;72;91;83.2;3.7
29/01/2014;10585;1;0;3.6;5.6;4.36;91;98;94.9;12.6
30/01/2014;17052;1;0;2.3;5.9;4.18;96;98;97.8;2.4
31/01/2014;13859;1;0;1.4;9.1;5.17;89;98;96.5;8.7
01/02/2014;13981;0;1;4.8;9.5;7.13;57;98;79.5;6.7
02/02/2014;15924;0;1;6.1;9.5;7.57;55;84;71.1;0
03/02/2014;20370;1;0;5.6;8.2;6.5;62;90;78.5;0
04/02/2014;21217;1;0;4.6;8.7;6.96;60;86;75.1;2.4
05/02/2014;29418;1;0;5.5;9.6;7.88;63;92;78.6;7.6
06/02/2014;25395;1;0;5.6;9.7;7.8;66;98;83.3;7.9
07/02/2014;19857;1;0;3.4;9.6;7.48;58;98;83;7.6
08/02/2014;10928;0;1;7;8.9;7.88;58;95;76.9;4.3
09/02/2014;11657;0;1;4.7;8.1;6.72;52;76;64;0.1
10/02/2014;19278;1;0;3.2;8.6;5.43;70;93;83.3;1.5
11/02/2014;18514;1;0;2.7;7.5;5.17;58;93;77.8;2.2
12/02/2014;18000;1;0;2.7;8.5;5.93;61;93;76.4;6.7
13/02/2014;20954;1;0;3.4;7.5;5.43;51;76;65.3;0
14/02/2014;12794;1;0;3.4;11.7;6.92;63;98;81.4;8.5
15/02/2014;11208;0;1;5.2;10.5;8.42;56;79;66.3;0.3
16/02/2014;18484;0;1;3.1;9.3;6.2;51;87;73.3;0
17/02/2014;19013;1;0;5.4;10.7;8.11;66;95;82;1.8
18/02/2014;19484;1;0;5.7;10.4;8.4;84;94;89.9;7.2
19/02/2014;21556;1;0;5.3;10.3;7.82;77;97;90.3;0.3
20/02/2014;19396;1;0;6.1;11.8;9.72;61;97;88.5;0.9
21/02/2014;21269;1;0;3.2;9.7;6.76;49;89;72.2;0
22/02/2014;20033;0;1;4.4;10.9;7.86;49;84;69.5;0
23/02/2014;13680;0;1;8.8;11.9;10.3;68;85;75.8;0
24/02/2014;21469;1;0;8;13.8;10.77;57;82;72.3;0.3
25/02/2014;20713;1;0;6.8;11.4;8.81;64;87;76.5;2.4
26/02/2014;23938;1;0;4.3;11.2;7.72;46;90;71.1;0
27/02/2014;20629;1;0;4.3;10.8;7.7;48;96;71.6;2.1
28/02/2014;13781;1;0;3.3;6.9;4.86;78;97;89.6;8.1
01/03/2014;18823;0;1;2;7.2;4.62;58;98;84.5;0
02/03/2014;11727;0;1;3.3;10.2;7.15;67;93;83.7;8.6
03/03/2014;18150;1;0;3.2;8.5;5.74;77;96;89.5;2.4
04/03/2014;23069;1;0;1.6;10.1;5.54;64;98;83;0
05/03/2014;25102;1;0;0.4;12.5;7.21;50;96;72.5;0
06/03/2014;24696;1;0;6.4;13.3;9.51;55;88;73.1;0
07/03/2014;24385;1;0;7.4;15.4;10.48;52;88;74.7;0
08/03/2014;25556;0;1;7.6;15.9;11.41;36;88;61.9;0
09/03/2014;33955;0;1;8.4;19.3;13.28;35;69;51.7;0
10/03/2014;24347;1;0;4.9;12.8;8.78;62;83;72.5;0
11/03/2014;23871;1;0;5.5;11.6;7.96;70;87;79.6;0
12/03/2014;27173;1;0;3;14.9;8.48;57;94;77.6;0
13/03/2014;27552;1;0;2.8;16.7;9.32;39;97;74.7;0
14/03/2014;28134;1;0;2.6;15.8;9.96;43;95;68.4;0
15/03/2014;29664;0;1;7.8;17.2;11.93;32;79;58.5;0
16/03/2014;34421;0;1;7.7;18.3;13.09;36;82;58.6;0
17/03/2014;26465;1;0;6.9;14.2;10.61;50;88;69.3;0
18/03/2014;25502;1;0;8;13.6;10.59;49;81;66.6;0.1
19/03/2014;26719;1;0;7.5;15.9;10.75;43;80;66.3;0
20/03/2014;23718;1;0;7.1;13.9;10.45;53;90;77;2.4
21/03/2014;23821;1;0;6.8;12.6;9.21;41;87;65.8;2.4
22/03/2014;19091;0;1;4.2;10.5;7.35;39;87;66.6;3
23/03/2014;17463;0;1;2.6;10;6.06;42;83;66;0.1
24/03/2014;24055;1;0;-1;11.5;6.25;40;91;63;0
25/03/2014;19421;1;0;4;8.9;6.92;63;89;74.6;1.5
26/03/2014;20493;1;0;1.9;8.8;4.06;50;98;84.4;2.4
27/03/2014;23462;1;0;1.9;10.7;6.04;43;95;76.9;0
28/03/2014;24198;1;0;2.9;12.8;7.86;44;98;74.7;0
29/03/2014;29511;0;1;7.2;18.7;12.46;32;91;63.5;0
30/03/2014;26605;0;1;8;19.7;13.49;32;77;57.8;0
31/03/2014;26715;1;0;10.3;17;13.94;49;81;63.3;0
01/04/2014;29782;1;0;7.2;18.5;13.51;47;95;72.2;1.8
02/04/2014;28876;1;0;10.2;18.6;13.66;50;84;71;0
03/04/2014;28245;1;0;10.7;18.9;13.77;54;90;74.6;0
04/04/2014;27401;1;0;11.1;15.2;12.91;52;85;71.5;0
05/04/2014;25648;0;1;6.5;16.1;12.14;58;87;76.9;0
06/04/2014;16387;0;1;12.9;15.1;13.65;80;96;90.9;3.3
07/04/2014;18883;1;0;8.6;14.5;13.02;84;94;89.3;3.9
08/04/2014;26654;1;0;6;13.1;9.66;39;89;63.1;0
09/04/2014;29621;1;0;5.3;16.9;11.34;45;90;64.6;0
10/04/2014;29229;1;0;6.7;16.5;11.95;39;83;59.4;0
11/04/2014;28435;1;0;7.8;16.1;11.85;37;70;55.1;0
12/04/2014;25706;0;1;6.3;14.4;10.69;48;87;65.3;0
13/04/2014;31404;0;1;7.5;15.9;11.87;41;88;61.9;0
14/04/2014;28742;1;0;7.1;15.5;11.11;36;77;55.7;0
15/04/2014;30031;1;0;2.8;14;8.65;37;78;58.3;0
16/04/2014;30934;1;0;3;17.4;10.59;34;83;54.2;0
17/04/2014;27676;1;0;7.8;17.5;12.22;36;66;53.8;0
18/04/2014;22152;0;1;5.1;12;8.88;43;77;59.5;0
19/04/2014;21424;0;1;3.3;13.2;8.63;44;75;60;0
20/04/2014;7188;0;1;6.5;13.2;9.77;75;95;89.6;6.2
21/04/2014;20532;0;1;5.7;19.4;12.65;40;98;74.5;4.4
22/04/2014;22689;1;0;9.8;16;11.97;57;95;82;0.2
23/04/2014;27102;1;0;6.4;18.1;12.82;44;95;71.6;1.2
24/04/2014;29119;1;0;10.1;16.6;12.91;52;93;76;0
25/04/2014;20400;1;0;8.9;13.4;10.49;82;97;92.7;1.5
26/04/2014;25195;0;1;8.6;16.2;12.15;44;96;71.2;0.6
27/04/2014;21284;0;1;9;15.1;11.63;52;89;73.3;0.1
28/04/2014;29474;1;0;9.8;17.6;12.78;44;94;74.1;0
29/04/2014;46333;1;0;9.3;16;12.57;58;94;78.9;0
30/04/2014;49025;1;0;6.8;20.4;13.32;37;97;69;0
01/05/2014;16644;1;0;10.1;13.3;11.52;72;97;89.6;14.5
02/05/2014;26510;1;0;5.4;11.4;9.48;64;98;82.6;0
03/05/2014;31534;0;1;1.9;14;8.69;40;81;58.2;0
04/05/2014;33030;0;1;4.5;17.7;11.91;38;76;55.5;0
05/05/2014;33748;0;1;5;19.2;13.69;34;80;53.5;0
06/05/2014;32323;1;0;12;19.3;15.29;36;84;57.7;0.1
07/05/2014;28802;1;0;11.2;17.6;13.57;44;81;63;0.6
08/05/2014;19398;1;0;11.2;15.1;12.84;61;95;82.2;5.9
09/05/2014;30131;1;0;11.4;17.3;13.86;41;86;62.6;0.3
10/05/2014;19373;0;1;10.6;17.2;12.87;50;96;75.9;6.3
11/05/2014;17645;0;1;8.8;14.4;11.27;48;83;66;0.5
12/05/2014;26149;1;0;9.1;17.8;11.96;36;84;66.2;3.7
13/05/2014;25351;1;0;8.1;15.3;10.99;51;93;79.5;2.8
14/05/2014;34122;1;0;6.5;18.8;13.46;36;94;65;0
15/05/2014;35148;1;0;7;20.9;14.68;38;87;61;0
16/05/2014;36268;1;0;8.4;22.3;16.01;41;90;61.6;0
17/05/2014;38147;0;1;11;23.3;17.43;43;85;63.5;0
18/05/2014;43663;0;1;11.2;24.5;18.72;33;91;56.1;0
19/05/2014;37088;1;0;13.1;25.7;19.4;31;83;54;0
20/05/2014;33626;1;0;14.1;20.5;17.42;46;75;62.7;0
21/05/2014;34437;1;0;10.8;18.9;15.22;45;83;65.2;0.4
22/05/2014;30819;1;0;12.4;18.2;14.91;52;94;74.2;7.8
23/05/2014;30556;1;0;12.5;17.4;14.56;44;71;60.7;0.2
24/05/2014;18723;0;1;11.6;15.6;12.95;55;90;73.7;6.9
25/05/2014;33401;0;1;10.1;18.7;14.43;37;84;59.8;0
26/05/2014;12049;0;1;8.2;14.7;11.52;62;93;82.8;8.9
27/05/2014;14446;1;0;9.7;13.2;11.95;89;97;94.1;6.5
28/05/2014;21978;1;0;9.5;14.4;12.28;91;98;95.9;4.5
29/05/2014;29229;1;0;13.1;18.6;15.16;61;97;83;0.4
30/05/2014;31331;1;0;9.3;15.8;13.3;57;91;78.4;0
31/05/2014;35040;0;1;6.8;19.1;14.02;45;94;67.5;0
01/06/2014;36655;0;1;10.7;21.3;16.68;37;83;60.5;0
02/06/2014;33481;1;0;13.5;21.3;17.21;45;82;64.5;0.4
03/06/2014;29332;1;0;13.3;19.6;15.18;61;89;77.4;2.9
04/06/2014;25905;1;0;8.2;14.4;12.65;52;90;77.9;5.6
05/06/2014;34617;1;0;8.2;19.4;14.31;34;94;63.8;2.1
06/06/2014;37440;1;0;6.6;22.8;16.14;36;80;54.7;0
07/06/2014;29919;0;1;15.1;22.6;18.15;45;89;68.5;4
08/06/2014;44415;0;1;12.5;25;19.49;34;88;56.4;0
09/06/2014;34305;1;0;14.7;25.7;19.73;41;86;64.3;3.9
10/06/2014;40128;1;0;13.6;22.8;18.61;36;90;58.5;0
11/06/2014;39582;1;0;12.5;22.2;17.51;38;83;58.1;0
12/06/2014;39928;1;0;11.4;24.8;19.08;35;81;54.9;0
13/06/2014;40036;1;0;12.6;25.6;20.08;34;83;55.5;0
14/06/2014;32758;0;1;13.3;20.4;17.78;55;80;67.9;0.2
15/06/2014;28944;0;1;13;17.7;15.03;64;82;72.1;0
16/06/2014;31592;1;0;12.3;17.4;14.47;60;85;73.3;0
17/06/2014;37658;1;0;12.6;21;16.08;38;81;60.7;0
18/06/2014;35431;1;0;13.2;21.7;16.91;47;93;70.6;0.2
19/06/2014;36113;1;0;10.4;20.6;15.82;66;91;75.5;0
20/06/2014;36924;1;0;9.5;22.3;16.32;42;87;63.6;0
21/06/2014;42463;0;1;14.4;23.8;19.06;36;69;51.4;0
22/06/2014;41596;0;1;13.7;24.2;19.06;33;84;57.5;0
23/06/2014;35206;1;0;13.3;24.4;18.53;36;84;59.2;2
24/06/2014;38066;1;0;13.6;24;18.23;41;93;70.5;0.1
25/06/2014;39623;1;0;10.5;20.4;16.16;36;86;57.3;0
26/06/2014;35438;1;0;9.8;20.7;16.18;37;84;56.9;2.4
27/06/2014;35912;1;0;14.4;22.7;17.74;40;87;65.4;0
28/06/2014;20199;0;1;13.2;18.8;15.41;56;85;76;3.5
29/06/2014;26714;0;1;10;19.2;14.48;44;87;73.4;0.9
30/06/2014;32193;1;0;8.5;20;14.83;46;95;72.2;0.7
01/07/2014;39495;1;0;10.8;21.4;17.14;37;86;57.7;0
02/07/2014;40878;1;0;9.8;24.6;18.36;33;86;56.9;0
03/07/2014;43116;1;0;14.7;26.3;21.02;28;70;46.5;0
04/07/2014;38316;1;0;15.3;26.7;20.61;33;80;53.7;0.1
05/07/2014;27332;0;1;16.6;21.3;18.18;60;93;78.5;5.4
06/07/2014;31117;0;1;14.7;22;17.27;36;85;65.5;0.7
07/07/2014;36191;1;0;11.5;21.6;16.81;42;82;63;0.1
08/07/2014;35107;1;0;10.8;19.8;15.08;50;93;77.7;3.3
09/07/2014;38844;1;0;12.4;22.6;17.39;37;95;65;0
10/07/2014;32108;1;0;14;17.3;15.83;49;83;71;0.2
11/07/2014;27618;1;0;12.5;19.6;15.44;82;94;89.5;4.4
12/07/2014;38331;0;1;14.9;26.7;19.97;42;94;73.1;0
13/07/2014;33227;0;1;15.1;24.1;19.59;54;93;73.2;7.4
14/07/2014;38450;1;0;12.5;24.3;18.6;35;74;56.3;0
15/07/2014;40888;1;0;17.9;25.4;20.9;38;83;60.6;0
16/07/2014;42341;1;0;13.4;26.9;21.01;39;90;60.7;0
17/07/2014;42404;1;0;16.9;27.1;22.09;44;82;63.1;0
18/07/2014;40543;1;0;17.5;31.2;24.08;30;95;64.5;11.7
19/07/2014;37061;0;1;19.5;28.2;22.88;42;90;68;3.9
20/07/2014;34379;0;1;18.7;25.2;21.15;56;89;75.1;0.1
21/07/2014;38499;1;0;16.1;25.9;20.79;51;89;73;0
22/07/2014;42928;1;0;14.9;26;20.78;50;91;69;0
23/07/2014;42486;1;0;15.3;27.7;21.3;39;91;67.3;0
24/07/2014;42412;1;0;15.7;27.6;21.99;31;89;57.4;0
25/07/2014;31881;1;0;16.3;25.1;19.5;49;91;79;9.8
26/07/2014;43788;0;1;16.3;28.1;22.02;37;91;66.3;0
27/07/2014;39917;0;1;18.2;24.8;21;38;77;57.1;0
28/07/2014;36203;1;0;15.7;22.5;18.78;47;75;59.5;0
29/07/2014;42308;1;0;15.6;26.6;20.82;34;84;58.6;0
30/07/2014;43044;1;0;14.2;25.6;19.96;39;73;55;0
31/07/2014;41970;1;0;15.3;25;20.58;41;81;59;0
01/08/2014;40009;1;0;16.6;24.3;20.09;43;81;63.5;0
02/08/2014;38046;0;1;16.7;23.4;19.57;48;80;63.5;0
03/08/2014;41944;0;1;13.6;23.7;18.79;33;74;52.4;0
04/08/2014;39856;1;0;14.8;23.6;19.16;36;75;54;0
05/08/2014;40716;1;0;13.6;23.3;19.26;45;84;62.4;0
06/08/2014;38665;1;0;16.8;25.2;20.44;41;93;67.8;13.3
07/08/2014;42491;1;0;15;25.5;20.6;41;85;61;0
08/08/2014;34234;1;0;15.6;23.6;19.38;57;91;77.3;4.9
09/08/2014;47454;0;1;14;22.7;18.19;42;94;69;4.5
10/08/2014;23980;0;1;15.2;21.3;17.38;49;95;74.6;26.9
11/08/2014;31725;1;0;12.8;20.7;16.02;44;83;68.2;7.3
12/08/2014;34827;1;0;12.4;19.6;15.54;45;85;68.2;0.9
13/08/2014;37856;1;0;11.8;21.2;16.57;46;91;68.7;0
14/08/2014;27185;1;0;13.5;21.2;15.91;48;89;74.6;3.3
15/08/2014;32510;1;0;12.5;20;15.79;54;92;75.1;0.1
16/08/2014;47245;0;1;12;20.4;16.32;41;83;61.8;0
17/08/2014;39952;0;1;14;20.6;16.34;37;82;61.5;2.1
18/08/2014;30784;1;0;11.4;19.5;14.79;48;81;66.9;0.6
19/08/2014;35332;1;0;10.5;18.1;13.78;41;76;59.6;0
20/08/2014;36817;1;0;8.6;18.9;13.77;35;83;58.8;0
21/08/2014;33236;1;0;7.7;18.4;13.46;41;86;63.5;0
22/08/2014;34047;1;0;12.4;19.8;15.38;38;83;61.7;0
23/08/2014;29999;0;1;9.3;18.9;14.2;36;75;56.8;0
24/08/2014;30962;0;1;7.3;18.3;14.01;43;85;61.4;0
25/08/2014;6175;0;1;13.5;16.8;15.14;63;95;86.7;38.5
26/08/2014;18448;1;0;12.5;16.2;15.15;81;96;92.4;12.5
27/08/2014;32286;1;0;10.5;19.4;15.52;59;94;78;0
28/08/2014;31842;1;0;15.1;21.9;18.14;55;94;79.3;1.7
29/08/2014;32439;1;0;14;20;17.06;54;91;75.2;0
30/08/2014;30832;0;1;15;19.4;17.22;50;87;68.7;1.7
31/08/2014;33312;0;1;13.1;21.4;16.62;44;86;67.8;0
01/09/2014;27455;1;0;12.5;18.8;15.82;76;95;88.1;4.2
02/09/2014;36836;1;0;12.7;21.1;16.92;54;96;78.8;0
03/09/2014;36523;1;0;15;21.9;17.78;48;95;77.9;0
04/09/2014;35448;1;0;13.4;19.9;17.17;67;95;81;0
05/09/2014;35013;1;0;13.4;20.3;16.94;67;95;81.1;0
06/09/2014;33434;0;1;14.5;20.8;17.6;65;88;79.3;0
07/09/2014;34248;0;1;13;20.5;15.79;56;96;78.2;0
08/09/2014;36983;1;0;9;21.1;15.39;42;96;70.4;0
09/09/2014;37674;1;0;10.5;20.8;15.65;47;92;70.7;0
10/09/2014;37091;1;0;9.5;19.1;15.05;48;94;71;0
11/09/2014;35303;1;0;9.8;17.6;14.43;62;89;75.4;0
12/09/2014;37144;1;0;12.7;21.4;16.63;49;93;75.4;0
13/09/2014;34174;0;1;12.3;20.1;15.88;57;96;80.5;0
14/09/2014;31770;0;1;12.3;19.9;15.8;59;93;78.6;0
15/09/2014;36629;1;0;12.5;21.2;16.28;52;96;79.2;0
16/09/2014;37535;1;0;13.8;22.6;17.27;55;97;83.4;0
17/09/2014;38583;1;0;15.7;19.6;17.11;75;93;86.2;0
18/09/2014;38442;1;0;14.9;24.2;18.77;55;96;81.5;0
19/09/2014;36841;1;0;15.5;22.6;18.45;70;96;87.8;5.4
20/09/2014;31031;0;1;14.9;18.2;16.58;92;96;93.8;29.3
21/09/2014;33334;0;1;11.3;17.5;14.24;61;94;79.4;0
22/09/2014;35178;1;0;7.8;17.7;12.21;50;92;75;0
23/09/2014;36460;1;0;8.1;18.1;13.11;48;95;73.3;0
24/09/2014;32680;1;0;11;17.9;14.17;45;92;70.5;2.4
25/09/2014;35367;1;0;7.7;18.5;13.98;62;86;72;0
26/09/2014;35474;1;0;14.9;20.1;16.86;59;88;76.6;0
27/09/2014;35087;0;1;11.5;20;16.62;58;90;74.9;0
28/09/2014;37873;0;1;14.5;22.7;18;57;95;79;0
29/09/2014;31701;1;0;12.5;18.8;15.69;83;96;89.4;1.3
30/09/2014;37373;1;0;14.8;21;17.3;57;94;80.3;0
01/10/2014;32733;1;0;15.2;19.3;17.21;60;93;79.7;1.5
02/10/2014;36992;1;0;13.8;19.9;16.7;67;91;80.4;0
03/10/2014;37909;1;0;12.5;20.3;16.41;56;96;81.1;0
04/10/2014;18967;0;1;7.3;17.7;13;71;94;89.8;5.9
05/10/2014;33082;0;1;3.6;14.9;9.58;50;98;76.6;0
06/10/2014;24330;1;0;8.5;12.9;11.46;71;94;81;3.9
07/10/2014;31465;1;0;7.8;14.6;10.99;46;97;76.3;4.9
08/10/2014;23573;1;0;6.9;16.8;12.27;65;96;83.5;2.9
09/10/2014;26642;1;0;11.7;16.8;13.43;53;91;78.3;2.8
10/10/2014;32510;1;0;8;17;12.8;62;97;85.4;3.3
11/10/2014;30498;0;1;9.3;16.2;12.76;61;97;82.5;0
12/10/2014;23063;0;1;6.1;14.2;10.3;73;98;89.9;7.4
13/10/2014;13299;1;0;10.9;14.7;12.76;96;98;96.5;40.7
14/10/2014;28518;1;0;12.5;14.3;13.35;94;97;95.6;0.2
15/10/2014;25424;1;0;11.9;15.1;13.35;85;97;93.7;9.4
16/10/2014;31541;1;0;11.5;17.4;14.69;77;97;90.8;0.7
17/10/2014;32770;1;0;13.6;18.7;15.98;73;96;88.7;1.1
18/10/2014;28951;0;1;16.4;19.5;17.79;76;92;86.1;0
19/10/2014;30480;0;1;14;18.8;16.77;59;95;82.3;2.6
20/10/2014;31642;1;0;13.1;16.2;14.27;64;85;77.8;0
21/10/2014;24681;1;0;8.1;14.4;11.91;47;93;70.4;2
22/10/2014;30642;1;0;6.8;13.2;10.05;59;80;69.1;0
23/10/2014;31277;1;0;11;15.8;13.7;71;92;78.8;0
24/10/2014;29144;1;0;11.6;16.5;15;82;95;90.7;2.2
25/10/2014;30053;0;1;7.9;14.9;11.78;58;96;79.7;0
26/10/2014;26514;0;1;12;15.2;13.5;61;75;68.7;0
27/10/2014;33716;1;0;12.5;18;15.13;66;92;79.4;0
28/10/2014;35320;1;0;12.2;17.7;14.82;61;96;84.9;0
29/10/2014;23281;1;0;12.1;15.5;13.13;91;96;94.6;2.7
30/10/2014;32503;1;0;13.3;17.8;15.24;86;95;92.3;0
31/10/2014;36478;1;0;13.4;21.3;16.69;54;96;80.6;0
01/11/2014;31912;0;1;13.1;16.9;15.31;51;91;75.9;0
02/11/2014;15887;0;1;10.7;15.2;13.93;75;93;85.3;7.6
03/11/2014;22347;1;0;5.6;11.1;9.1;79;96;88.4;5
04/11/2014;23525;1;0;4.6;10.6;7.15;69;98;91.1;5.4
05/11/2014;27970;1;0;4;10.3;7;75;96;88;0.2
06/11/2014;28274;1;0;0.3;11.7;7.11;66;98;83.8;0.6
07/11/2014;26779;1;0;8.7;12.8;11.17;59;95;82.6;4.1
08/11/2014;17473;0;1;7.8;13.8;10.78;77;96;87.4;16.3
09/11/2014;24099;0;1;8;11.3;9.43;70;97;88.5;0
10/11/2014;28303;1;0;7.5;12.4;10.11;71;91;84.9;0
11/11/2014;28993;1;0;10.5;13.2;11.71;69;88;80.3;0.2
12/11/2014;24878;1;0;10.2;12.5;11.47;68;91;84.2;4.1
13/11/2014;27839;1;0;9.2;13.2;11.62;80;96;88.6;0
14/11/2014;21442;1;0;5.9;13.7;10.85;77;97;87.4;12.2
15/11/2014;22842;0;1;5.8;12.4;9.13;92;98;96.4;1.1
16/11/2014;17849;0;1;8.5;10.9;9.49;96;97;96.6;1.3
17/11/2014;21398;1;0;7.4;9.7;8.51;89;97;95.3;7.3
18/11/2014;26094;1;0;7;12;9.16;86;98;94.2;0.7
19/11/2014;28807;1;0;6.4;10.9;8.79;88;98;94.4;0
20/11/2014;29068;1;0;5.9;10.5;7.76;85;98;93.4;0
21/11/2014;24070;1;0;5.4;9.7;7.62;89;97;94.5;0.5
22/11/2014;18347;0;1;9.8;14.3;12.8;96;97;96.5;1.5
23/11/2014;6030;0;1;4.4;13.9;8.66;96;98;97.5;29.8
24/11/2014;25884;1;0;1.3;7.4;3.53;91;98;96.9;0
25/11/2014;24359;1;0;1.9;8.5;5.9;88;98;95.5;0.9
26/11/2014;23096;1;0;7.9;9.5;8.71;96;98;97.8;4.8
27/11/2014;26765;1;0;9.2;10.6;9.92;91;98;94;2.5
28/11/2014;26782;1;0;9.5;12;10.71;85;94;92.6;0
29/11/2014;24337;0;1;6.4;12.2;10.09;82;95;88.9;0
30/11/2014;19998;0;1;4.6;11.1;8.74;82;96;90.6;0
01/12/2014;24983;1;0;5.6;9.3;6.89;78;92;85.8;0
02/12/2014;21614;1;0;5.8;7.7;6.58;77;95;88.8;0.6
03/12/2014;25376;1;0;3.8;7.9;5.86;68;89;81.8;0.1
04/12/2014;19993;1;0;3.4;6;4;72;95;87.8;0.7
05/12/2014;22939;1;0;2.3;5.9;4.09;83;95;89.9;0.2
06/12/2014;17431;0;1;-0.8;4.6;2.35;71;92;85;0
07/12/2014;12789;0;1;2.7;9.8;6.61;56;93;79.3;0.5
08/12/2014;23519;1;0;2.6;6.2;4.02;62;86;76;0
09/12/2014;23925;1;0;0.1;11.3;5.04;74;94;86.3;0.9
10/12/2014;25028;1;0;5.5;11.8;7.58;53;92;70.7;1.1
11/12/2014;23028;1;0;5.3;9.1;6.92;65;86;77.4;1.5
12/12/2014;20436;1;0;3;10.1;7.06;73;93;82.9;10.7
13/12/2014;18255;0;1;0.2;5.4;2.43;69;90;82.7;0
14/12/2014;14441;0;1;0.9;9.6;5.76;73;92;85.5;0.4
15/12/2014;22940;1;0;3.7;9.6;6.81;80;93;85.8;0.4
16/12/2014;23087;1;0;2.7;6.8;4.66;83;95;90;3.1
17/12/2014;22120;1;0;6.8;12.9;11.13;86;94;90.8;5.7
18/12/2014;23196;1;0;12.4;13.6;12.98;82;91;87.1;0
19/12/2014;21966;1;0;5.3;12.9;9.3;57;91;76.5;2.6
20/12/2014;14690;0;1;4.9;9.4;6.85;62;85;74.9;0
21/12/2014;11802;0;1;4.8;11.8;8.55;75;91;83.4;0
22/12/2014;18552;1;0;11.6;13.3;12.51;72;93;79.3;0
23/12/2014;16551;1;0;10.8;12.8;11.65;65;76;72.1;0
24/12/2014;10385;1;0;4.6;11.7;8.51;53;92;71.9;0.7
25/12/2014;39145;0;1;3;7.5;4.77;67;86;77.6;0
26/12/2014;7678;0;1;0.7;8.7;3.58;81;96;89.9;10.7
27/12/2014;6349;0;1;1.7;8.7;2.93;84;95;90;1.3
28/12/2014;9293;0;1;-1.3;4.6;1.87;61;93;75.6;0
29/12/2014;12411;1;0;-1.2;4.8;1.12;75;93;85.6;0
30/12/2014;13120;1;0;-1.4;4.7;1.3;83;96;91;0
31/12/2014;12811;1;0;0.4;7;3.94;81;97;89.9;0
01/01/2015;9615;0;1;5.2;12;8.67;83;94;90.9;0.6
02/01/2015;15389;1;0;4.9;12.6;8.55;51;93;69.3;0.9
03/01/2015;5779;0;1;1.8;6;4.28;71;96;89.1;15.6
04/01/2015;9367;0;1;-1;4.5;1.93;96;98;97.2;0
05/01/2015;20566;1;0;4.5;9.6;7.48;75;96;88.4;0
06/01/2015;20765;1;0;3.3;10;7.21;75;94;82.8;1.3
07/01/2015;22504;1;0;2.6;9.9;6.57;70;95;85.2;0.7
08/01/2015;15769;1;0;6.7;11;8.89;81;95;88.5;15.8
09/01/2015;22285;1;0;8.4;14.8;11.86;69;92;82.3;0.7
10/01/2015;14877;0;1;4;13.8;9.72;48;89;69.7;0.8
11/01/2015;14738;0;1;3;8.4;5.83;58;76;70.4;0.3
12/01/2015;17354;1;0;7.9;11.8;10.15;68;95;83.4;9.2
13/01/2015;24966;1;0;3.6;11.5;7.75;71;95;84;6.6
14/01/2015;23767;1;0;2.7;9;5.25;58;89;74.3;0.9
15/01/2015;23123;1;0;5.1;10.6;7.84;53;93;73.7;6.3
16/01/2015;22894;1;0;1;6.4;4.58;58;83;69.2;0.3
17/01/2015;15443;0;1;-0.7;5.9;2.83;70;85;79.3;0.2
18/01/2015;13373;0;1;-0.1;4.6;2.48;78;96;86.6;1.3
19/01/2015;23193;1;0;-1.5;3.6;0.88;73;98;87.6;0
20/01/2015;23384;1;0;-3.6;4.2;0.64;71;97;85.6;0
21/01/2015;22987;1;0;0.7;3.5;2.75;73;89;84.7;0
22/01/2015;23432;1;0;-2.2;3.9;1.21;62;93;80.5;0
23/01/2015;22093;1;0;-4.1;7.3;1.14;74;95;85;1.7
24/01/2015;17748;0;1;2;8.2;4.61;61;96;77.4;3.1
25/01/2015;15267;0;1;0.6;8.1;4.7;73;89;81.8;0
26/01/2015;22867;1;0;4.1;9.9;7.87;58;93;78.5;0.4
27/01/2015;25222;1;0;3.4;8.6;6.16;70;82;76.6;0
28/01/2015;21685;1;0;2.6;10.1;6.32;51;95;73.9;3.7
29/01/2015;21421;1;0;1.6;6.3;2.85;64;85;78;0.5
30/01/2015;21405;1;0;1.3;5.7;3.16;71;94;81.1;1.8
31/01/2015;10385;0;1;0.8;4.3;2.52;58;96;80.6;3
01/02/2015;11420;0;1;-0.3;5.1;2.79;59;92;67.8;1.7
02/02/2015;21770;1;0;-2.3;2.1;-0.1;60;75;67.9;0
03/02/2015;20028;1;0;-0.4;3.5;1.35;73;98;89.9;2.5
04/02/2015;22056;1;0;0.6;3.9;2.16;74;97;85.8;0
05/02/2015;21396;1;0;0.7;4.1;2.06;56;98;84.9;0.6
06/02/2015;21146;1;0;-0.1;4.5;1.8;54;85;72.2;0
07/02/2015;13324;0;1;0.1;5;2.96;84;94;88.9;0
08/02/2015;15983;0;1;2.3;7.6;4.79;64;91;78.3;0
09/02/2015;24078;1;0;1.9;8.7;4.9;69;94;84.9;0
10/02/2015;24399;1;0;4;6.7;5.37;69;92;79.1;0
11/02/2015;23870;1;0;4;5.3;4.8;72;77;75;0
12/02/2015;23429;1;0;3.2;4.3;3.63;68;76;72.6;0
13/02/2015;17836;1;0;2.5;9.1;6.58;73;92;85.4;4.1
14/02/2015;14644;0;1;4;8.3;6.83;86;96;91.2;2.2
15/02/2015;17253;0;1;1.9;8.5;5.76;75;96;89.6;0
16/02/2015;16548;1;0;1.6;8.4;5.75;84;98;92.9;5.4
17/02/2015;25288;1;0;2.3;7.9;4.6;47;89;72.3;0
18/02/2015;25340;1;0;1.4;9.6;5.56;55;81;70.6;0
19/02/2015;17081;1;0;4.8;8.5;6.71;74;95;83.7;6.5
20/02/2015;21014;1;0;3.6;7.3;5.81;72;96;86.7;1.5
21/02/2015;16490;0;1;1.7;6.3;3.63;57;94;78.5;1.9
22/02/2015;9214;0;1;-0.8;9.2;4.02;65;97;85.5;5.7
23/02/2015;21857;1;0;4.1;9;5.93;49;89;69.7;0.6
24/02/2015;23758;1;0;3.9;9.1;6.39;41;83;65.7;0.2
25/02/2015;21708;1;0;5;10.9;8.51;67;93;79;2.2
26/02/2015;20131;1;0;3.2;11.3;8.62;62;96;84.1;5.7
27/02/2015;24540;1;0;1.1;8.5;5.03;49;84;66.6;0
28/02/2015;13677;0;1;5.8;10.4;8.17;73;96;86.6;3.5
01/03/2015;15817;0;1;4.8;10.9;8.49;47;96;67.6;3.3
02/03/2015;22379;1;0;2.6;8.4;5.27;37;85;62.3;0
03/03/2015;24001;1;0;3.6;8.8;5.62;42;81;62.9;0
04/03/2015;24544;1;0;2.1;9.7;5.64;43;81;62.5;0
05/03/2015;24959;1;0;1.4;10.8;6.58;51;78;63.5;0
06/03/2015;25527;1;0;6.3;12.3;8.72;52;69;59.5;0
07/03/2015;27754;0;1;7.1;15.8;10.35;40;81;62.9;0
08/03/2015;20207;0;1;5.5;12.8;9.4;70;87;78.1;0
09/03/2015;24230;1;0;2;10.3;7.42;71;93;84.6;0
10/03/2015;27878;1;0;4.6;11.1;7.87;43;92;66.9;0
11/03/2015;27610;1;0;3.9;13.3;8.86;46;85;67.1;0
12/03/2015;28324;1;0;5.9;14.6;10.7;28;76;49.9;0
13/03/2015;25840;1;0;3.4;11.3;8.47;37;76;51.8;0
14/03/2015;18270;0;1;2.3;8.5;5.36;48;78;64.6;0
15/03/2015;10744;0;1;4.6;6.8;5.56;70;93;82.8;0.2
16/03/2015;19950;1;0;4.6;8.6;6.3;62;96;82.1;2.8
17/03/2015;25956;1;0;5.3;11.8;8.06;65;95;83.3;0
18/03/2015;26618;1;0;3.5;9.9;6.34;61;96;81.5;0
19/03/2015;24241;1;0;5.5;7.7;6.33;75;88;82.6;0
20/03/2015;25424;1;0;4.5;11.6;7.38;55;92;77;0
21/03/2015;16304;0;1;4.8;8.8;6.73;54;86;72.5;0
22/03/2015;18782;0;1;3.3;8.1;5.53;53;83;64.3;0
23/03/2015;25741;1;0;2.2;11.1;7.42;47;81;64.3;0.1
24/03/2015;24161;1;0;2;9;6.32;52;84;71;2.6
25/03/2015;25779;1;0;1;9.2;4.71;45;89;69.5;0
26/03/2015;20415;1;0;4.4;11.8;7.58;46;95;70.7;6.3
27/03/2015;26567;1;0;3.3;12.4;8.01;40;76;58.4;0
28/03/2015;19242;0;1;7.6;13.9;11.09;64;93;80.4;0.3
29/03/2015;8987;0;1;8.6;13.8;10.63;50;94;77.9;5.4
30/03/2015;22235;1;0;5.7;11.9;8.78;37;93;65.9;0.6
31/03/2015;22898;1;0;6.2;12.8;10.42;37;90;56.3;0.7
01/04/2015;23677;1;0;4.2;10.8;7.62;43;87;56.3;1.7
02/04/2015;22818;1;0;5.7;11.4;8.64;40;95;66.5;2.2
03/04/2015;11503;0;1;6.7;12.1;9.28;68;94;87;5.2
04/04/2015;13828;0;1;6.4;9.6;8.15;71;95;81.6;0.2
05/04/2015;19685;0;1;4.8;12.4;8.54;52;86;71.4;0
06/04/2015;25724;0;1;3.3;16;9.23;54;88;72.6;0
07/04/2015;29525;1;0;2.1;17.4;10.45;46;89;65.3;0
08/04/2015;30882;1;0;5.4;16.3;10.95;53;92;71.9;0
09/04/2015;31671;1;0;6.2;17;11.1;44;94;70.6;0
10/04/2015;32299;1;0;5.6;20.8;13.25;32;89;60.2;0
11/04/2015;25415;0;1;8.1;13.7;11.35;34;81;56;0.7
12/04/2015;29457;0;1;3.3;17.7;11.21;35;75;53.8;0
13/04/2015;28203;1;0;6.6;16.6;11.14;50;74;65.2;0
14/04/2015;34830;1;0;7.5;21.8;14.76;35;85;59.8;0
15/04/2015;37709;1;0;10.1;24.2;17.28;27;70;48;0
16/04/2015;30656;1;0;8.1;15.9;11.61;38;86;60.3;0
17/04/2015;30001;1;0;7.3;14.5;10.43;36;75;57.3;0
18/04/2015;29846;0;1;4.4;14.4;9.41;36;86;59.2;0
19/04/2015;19906;0;1;4.4;11.3;7.72;49;77;64.9;0
20/04/2015;32163;1;0;3.7;17.8;10.83;35;88;59.5;0
21/04/2015;35103;1;0;4.1;18.4;11.46;34;76;54.6;0
22/04/2015;32559;1;0;4.7;14.7;10.47;52;83;63.5;0
23/04/2015;32935;1;0;7.5;16.6;10.9;43;85;65.4;0
24/04/2015;32332;1;0;5.2;17.9;12.09;48;89;67.8;0
25/04/2015;25441;0;1;11.3;17.8;13.7;46;93;75.1;3
26/04/2015;19565;0;1;5.7;12.2;8.96;65;96;82;3.9
27/04/2015;30735;1;0;3.6;12.6;8.53;37;86;53;0
28/04/2015;32024;1;0;3.8;13.7;9.1;31;77;51.7;0
29/04/2015;26197;1;0;7.4;13.8;9.73;36;82;62.9;2.6
30/04/2015;31795;1;0;4.8;14.7;9.96;36;75;54.5;0
01/05/2015;29822;1;0;4.9;13.1;8.59;40;80;59.9;0
02/05/2015;22474;0;1;5.1;13.9;9.19;53;89;69.1;0.3
03/05/2015;21375;0;1;9.3;19.2;14;55;95;81.9;2.4
04/05/2015;26933;0;1;11.8;18.5;14.39;42;93;65.7;4.5
05/05/2015;26633;1;0;11.9;16;14;41;95;70.6;3.5
06/05/2015;24556;1;0;8.3;14.3;11.63;52;87;73.1;12.9
07/05/2015;31283;1;0;9.5;17.3;12.91;39;83;60.9;0
08/05/2015;27029;1;0;8.1;16.9;12.58;47;84;68;0.2
09/05/2015;27995;0;1;10.9;17.6;14.02;37;84;60.4;0
10/05/2015;32399;0;1;7.8;19;14.38;48;86;63.4;0
11/05/2015;33872;1;0;13.5;21.7;16.75;45;79;61.8;0
12/05/2015;33930;1;0;11.2;17.7;14.09;34;74;52.1;0.1
13/05/2015;36877;1;0;7.3;19.7;13.57;33;73;52.4;0
14/05/2015;15657;1;0;8;10.7;9.02;72;97;86.2;14.4
15/05/2015;32522;1;0;7.4;16.3;11.35;48;97;73.5;0.9
16/05/2015;32720;0;1;10.7;18.5;14.51;36;87;60.4;0
17/05/2015;31506;0;1;7.6;17.9;12.85;37;76;54.3;0
18/05/2015;24385;1;0;8.8;15.5;11.83;42;94;66.6;1.7
19/05/2015;28408;1;0;7.4;14.3;10.11;45;77;63.9;3.3
20/05/2015;30650;1;0;5.1;15.3;10.28;44;83;63.2;0
21/05/2015;34922;1;0;5.5;20.1;13.6;30;81;55.1;0
22/05/2015;33624;1;0;9;19.5;15.22;49;76;63.6;0
23/05/2015;23989;0;1;12.1;17.2;14.44;51;88;69.6;2
24/05/2015;30267;0;1;12;20;15.62;47;74;62.6;0
25/05/2015;29607;0;1;8.6;16.1;13.11;48;73;60.7;0
26/05/2015;34880;1;0;9.5;18.9;14.16;43;80;60.3;0
27/05/2015;36496;1;0;7.5;20.3;14.01;35;76;56.7;0
28/05/2015;34496;1;0;11.8;17.3;14.46;34;75;49.1;0
29/05/2015;26155;1;0;9.4;14.7;11.57;48;87;63.1;2.2
30/05/2015;29432;0;1;7.3;18.2;12.61;34;81;55.3;0
31/05/2015;15075;0;1;9.6;15.7;12.95;43;93;75;3.7
01/06/2015;27893;1;0;8;15.4;11.65;45;77;60.9;0
02/06/2015;28070;1;0;11.3;18.5;14.77;52;92;80.8;0.2
03/06/2015;35630;1;0;11.6;19.2;15.27;36;77;54.3;0
04/06/2015;39687;1;0;7;22.7;16.41;27;78;51;0
05/06/2015;35048;1;0;12.4;24.2;18.25;43;84;64.8;0.2
06/06/2015;33088;0;1;9.6;19.4;14.7;34;73;49;0
07/06/2015;35757;0;1;7.9;20.3;14.92;33;74;51;0
08/06/2015;32745;1;0;8.8;18;13.26;36;80;59.5;0
09/06/2015;33447;1;0;7;14.5;11.19;42;80;60;0
10/06/2015;35862;1;0;9.3;18.2;13.33;41;69;55.7;0
11/06/2015;38969;1;0;9.2;22.6;16.52;35;89;58.8;0
12/06/2015;35367;1;0;12.3;25.1;18.83;49;81;65.8;0.1
13/06/2015;30566;0;1;15.1;18.7;16.65;71;90;80.7;0
14/06/2015;25402;0;1;11.7;17.2;14.36;61;88;79.2;0
15/06/2015;34723;1;0;10.8;19.1;14.17;42;87;63.9;0
16/06/2015;38166;1;0;8.1;22.5;16.38;40;83;57.4;0
17/06/2015;38799;1;0;13.3;24.4;18.88;52;77;63.7;0
18/06/2015;38875;1;0;13.8;21;17.37;41;82;58;0
19/06/2015;36220;1;0;11.1;20.8;15.62;43;71;57.5;0
20/06/2015;26546;0;1;11.8;19.2;15.89;63;90;74.6;3.3
21/06/2015;30621;0;1;14.5;20.1;16.92;42;89;63.9;0
22/06/2015;29711;1;0;11.3;17.7;14.18;43;88;68.5;4.1
23/06/2015;37663;1;0;10.9;20.3;15.34;44;76;60.1;0
24/06/2015;39183;1;0;12.8;23;17.85;36;78;56.9;0
25/06/2015;38856;1;0;12.9;24.3;19.34;41;74;54.4;0
26/06/2015;37281;1;0;14.9;26.5;19.89;34;70;54.3;0
27/06/2015;36885;0;1;13.4;24.1;18.94;33;79;56;0
28/06/2015;25846;0;1;16.4;20.5;18.32;52;76;62.9;1.5
29/06/2015;39280;1;0;13.7;25.7;20.06;33;79;53.2;0
30/06/2015;43582;1;0;13.5;29.4;22.39;24;73;45.1;0
01/07/2015;42891;1;0;19.5;34.2;27.23;28;65;44.5;0
02/07/2015;38467;1;0;16.6;26.5;21.68;45;77;61.1;0.1
03/07/2015;39940;1;0;12.1;25.8;19.42;36;83;59.6;0
04/07/2015;38640;0;1;17.6;26.6;21.8;40;91;64.9;4.8
05/07/2015;29963;0;1;14.2;22.4;17.97;42;77;61.2;0.2
06/07/2015;38895;1;0;13.6;23.2;18.48;35;79;56.8;0
07/07/2015;38120;1;0;15.8;22.8;18.73;35;75;56.5;0
08/07/2015;41921;1;0;14;20.2;16.81;43;83;62.9;0.4
09/07/2015;73094;1;0;11.1;23.1;16.94;30;67;47.9;0
10/07/2015;43266;1;0;14.1;26.6;20.71;24;69;43.9;0
11/07/2015;42676;0;1;14.9;25.2;20.51;33;65;48.3;0
12/07/2015;23498;0;1;15.6;20.9;17.7;55;89;76.8;4.5
13/07/2015;27646;1;0;16.4;20;17.86;78;91;86.6;1.5
14/07/2015;35600;1;0;16.8;21.3;18.37;68;89;82.1;1.1
15/07/2015;34878;1;0;16.9;21.4;18.75;65;92;81.9;2.4
16/07/2015;39609;1;0;14.8;22.4;18.89;56;84;67.7;0
17/07/2015;38845;1;0;15.1;24.1;19.57;43;83;62.5;0
18/07/2015;38906;0;1;13.3;23.3;18.22;32;76;53.2;0
19/07/2015;36989;0;1;14.6;24.5;19.17;24;78;48.5;0.4
20/07/2015;32140;1;0;11.9;22.6;17.9;40;83;73.9;0.3
21/07/2015;41001;1;0;14.2;24.3;19.56;39;82;60;0
22/07/2015;38133;1;0;15.3;22.8;18.47;43;79;61.2;0.2
23/07/2015;39368;1;0;11.9;21;16.83;39;79;58.3;0
24/07/2015;16135;1;0;12.4;16.5;14.41;53;91;79;31.9
25/07/2015;32982;0;1;10.8;20.3;15.46;41;91;65.7;2.3
26/07/2015;12497;0;1;13;16.6;14.51;60;91;80.7;7.6
27/07/2015;32103;1;0;14.8;19.7;16.71;51;91;73.3;0.3
28/07/2015;36310;1;0;13.7;19.1;16.07;43;80;62.3;0.5
29/07/2015;37021;1;0;10.5;19.1;14.93;44;83;62.5;0
30/07/2015;36350;1;0;11.4;18.7;15.2;43;77;59.8;0
31/07/2015;36932;1;0;8.5;21.7;15.88;36;87;57.8;0
01/08/2015;43492;0;1;8.9;21.2;16.53;38;79;54.6;0
02/08/2015;43679;0;1;12.3;25.5;19.21;31;86;56.8;0
03/08/2015;35609;1;0;14.7;23.1;19.16;46;79;66.2;0
04/08/2015;37864;1;0;14;20.9;17.8;42;79;59.9;0
05/08/2015;39010;1;0;14.9;21.6;17.31;43;87;65.6;1.1
06/08/2015;63963;1;0;14.4;23.6;18.92;43;87;68.2;0.1
07/08/2015;39788;1;0;11.5;23.8;18.01;42;83;63.2;0
08/08/2015;39362;0;1;13.5;26;19.51;41;91;66.6;0
09/08/2015;40758;0;1;13.9;26.1;20.73;30;79;53.8;0
10/08/2015;35625;1;0;17.1;22.5;19.6;67;82;74.7;0
11/08/2015;34567;1;0;14;21.4;17.36;49;82;66.7;0.3
12/08/2015;36838;1;0;14.7;21.8;17.95;54;87;69.5;0.8
13/08/2015;26185;1;0;15.6;19.8;17.89;69;93;87.4;10.4
14/08/2015;25638;1;0;15.4;20.8;17.98;74;92;88.6;2.1
15/08/2015;34137;0;1;11.6;19.9;15.91;43;92;70.9;0.2
16/08/2015;30948;0;1;10.5;19.3;15.18;51;83;67.6;0
17/08/2015;36003;1;0;11.9;20.5;16.71;38;85;58.8;0
18/08/2015;34776;1;0;14.1;19;16.45;47;71;60.6;0
19/08/2015;31903;1;0;14.1;21;17.15;51;89;70.2;4.6
20/08/2015;32857;1;0;15.5;21.4;18.41;70;92;84.4;0.7
21/08/2015;36329;1;0;18.4;25.6;21.32;45;89;70.7;0
22/08/2015;44724;0;1;14.8;30;22.22;33;90;61.9;0
23/08/2015;27202;0;1;15.1;22.5;19.13;52;80;66.2;6.3
24/08/2015;17520;1;0;12.7;16.7;14.85;77;93;89.3;10.1
25/08/2015;28401;1;0;11.8;18.2;15.37;68;91;85.5;5.6
26/08/2015;23969;1;0;14.8;19;17.22;68;92;86.2;12.9
27/08/2015;30856;1;0;14;19.1;15.75;53;90;78;2
28/08/2015;33201;1;0;11.6;20.6;16.49;46;91;68.1;0
29/08/2015;22828;0;1;14.7;21.8;17.56;52;90;73.7;2.6
30/08/2015;25191;0;1;15.1;19.7;17.11;75;91;84.4;0.6
31/08/2015;9709;0;1;14.1;15.7;14.73;89;93;92.1;17.5
;;;;;;;;;;
;;;;;;;;;;
;;;;;;;;;;
;;;;;;;;;;
;;;;;;;;;;
;;;;;;;;;;
;;;;;;;;;;
;;;;;;;;;;
;;;;;;;;;;
;;;;;;;;;;
;;;;;;;;;;
;;;;;;;;;;
;;;;;;;;;;
;;;;;;;;;;
;;;;;;;;;;
;;;;;;;;;;
;;;;;;;;;;
;;;;;;;;;;
;;;;;;;;;;
;;;;;;;;;;
;;;;;;;;;;
;;;;;;;;;;
;;;;;;;;;;
;;;;;;;;;;
;;;;;;;;;;
;;;;;;;;;;
;;;;;;;;;;
;;;;;;;;;;
;;;;;;;;;;
;;;;;;;;;;
